State,Handgun,Long Gun,Other,Date
Alabama,19460,13396,1331,Feb-24
Alaska,2389,1950,280,Feb-24
Arizona,19510,10017,1793,Feb-24
Arkansas,8129,6348,564,Feb-24
California,43666,18501,3653,Feb-24
Colorado,16240,10343,1785,Feb-24
Connecticut,5843,2185,304,Feb-24
Delaware,2042,1144,144,Feb-24
District of Columbia,259,14,2,Feb-24
Florida,61970,25567,5861,Feb-24
Georgia,19887,10017,1098,Feb-24
Guam,129,62,6,Feb-24
Hawaii,0,0,0,Feb-24
Idaho,5463,4657,638,Feb-24
Illinois,30147,12033,1050,Feb-24
Indiana,22259,12743,1914,Feb-24
Iowa,3422,3122,193,Feb-24
Kansas,7298,5643,677,Feb-24
Kentucky,12031,9105,722,Feb-24
Louisiana,11176,6805,714,Feb-24
Maine,4539,3495,344,Feb-24
Mariana Islands,13,8,0,Feb-24
Maryland,8630,5909,151,Feb-24
Massachusetts,5643,3291,2400,Feb-24
Michigan,20548,17407,2284,Feb-24
Minnesota,11117,10395,1157,Feb-24
Mississippi,9859,6665,489,Feb-24
Missouri,20055,15320,2044,Feb-24
Montana,3966,3929,350,Feb-24
Nebraska,168,1751,29,Feb-24
Nevada,5420,2466,396,Feb-24
New Hampshire,8559,3039,709,Feb-24
New Jersey,8636,4163,899,Feb-24
New Mexico,7728,4763,716,Feb-24
New York,10823,10599,1108,Feb-24
North Carolina,28099,12371,1424,Feb-24
North Dakota,2057,2526,181,Feb-24
Ohio,27308,15419,2014,Feb-24
Oklahoma,13265,9140,1435,Feb-24
Oregon,14138,10594,1554,Feb-24
Pennsylvania,43625,22257,49,Feb-24
Puerto Rico,3395,285,47,Feb-24
Rhode Island,1203,672,80,Feb-24
South Carolina,12162,6157,798,Feb-24
South Dakota,2186,2665,165,Feb-24
Tennessee,29244,17197,1787,Feb-24
Texas,63869,31730,4617,Feb-24
Utah,5319,4602,947,Feb-24
Vermont,1810,1682,122,Feb-24
Virgin Islands,55,5,0,Feb-24
Virginia,26310,16503,4305,Feb-24
Washington,12001,5854,487,Feb-24
West Virginia,5660,5525,333,Feb-24
Wisconsin,17415,13632,1028,Feb-24
Wyoming,2284,2151,256,Feb-24
Alabama,16299,13515,1440,Jan-24
Alaska,2019,1742,333,Jan-24
Arizona,18147,9829,1886,Jan-24
Arkansas,5986,6506,595,Jan-24
California,41266,18039,3760,Jan-24
Colorado,14796,9590,1661,Jan-24
Connecticut,5398,2167,285,Jan-24
Delaware,2083,1147,123,Jan-24
District of Columbia,278,11,0,Jan-24
Florida,60122,26324,5881,Jan-24
Georgia,16624,10426,1251,Jan-24
Guam,135,60,12,Jan-24
Hawaii,0,0,0,Jan-24
Idaho,4642,4214,677,Jan-24
Illinois,23697,10299,941,Jan-24
Indiana,19067,12421,2134,Jan-24
Iowa,2624,2550,278,Jan-24
Kansas,5558,5445,740,Jan-24
Kentucky,9398,7997,713,Jan-24
Louisiana,8989,7830,902,Jan-24
Maine,3631,3064,410,Jan-24
Mariana Islands,19,6,0,Jan-24
Maryland,8982,5789,141,Jan-24
Massachusetts,5128,2899,1835,Jan-24
Michigan,19181,14623,2357,Jan-24
Minnesota,9594,8479,1085,Jan-24
Mississippi,6397,6114,522,Jan-24
Missouri,16496,14262,2140,Jan-24
Montana,3180,3496,389,Jan-24
Nebraska,156,1506,20,Jan-24
Nevada,4959,2463,438,Jan-24
New Hampshire,7984,3019,856,Jan-24
New Jersey,8849,4744,828,Jan-24
New Mexico,5848,3875,678,Jan-24
New York,10369,9827,1174,Jan-24
North Carolina,23011,12349,1650,Jan-24
North Dakota,1873,2336,170,Jan-24
Ohio,22227,13738,2142,Jan-24
Oklahoma,10888,8697,1524,Jan-24
Oregon,14246,10930,1906,Jan-24
Pennsylvania,36000,18742,20,Jan-24
Puerto Rico,3073,329,42,Jan-24
Rhode Island,1102,716,94,Jan-24
South Carolina,9788,6531,956,Jan-24
South Dakota,1744,2487,190,Jan-24
Tennessee,24181,15999,1620,Jan-24
Texas,54251,31636,5020,Jan-24
Utah,4769,4164,812,Jan-24
Vermont,1323,1288,113,Jan-24
Virgin Islands,43,4,0,Jan-24
Virginia,23151,15242,3738,Jan-24
Washington,12397,5784,722,Jan-24
West Virginia,4376,4578,343,Jan-24
Wisconsin,13593,10720,1103,Jan-24
Wyoming,1952,1871,210,Jan-24
Alabama,26421,25992,1830,Dec-23
Alaska,3169,2883,407,Dec-23
Arizona,23397,13620,2156,Dec-23
Arkansas,9951,12848,728,Dec-23
California,53470,31212,9519,Dec-23
Colorado,19200,14215,1866,Dec-23
Connecticut,6384,2701,284,Dec-23
Delaware,2640,1912,123,Dec-23
District of Columbia,401,19,1,Dec-23
Florida,76431,39210,6048,Dec-23
Georgia,24940,20874,1426,Dec-23
Guam,180,74,13,Dec-23
Hawaii,0,0,0,Dec-23
Idaho,7748,7767,795,Dec-23
Illinois,29734,16314,1262,Dec-23
Indiana,26275,20345,2372,Dec-23
Iowa,4155,5348,302,Dec-23
Kansas,8547,9755,906,Dec-23
Kentucky,16058,16570,942,Dec-23
Louisiana,13941,16833,957,Dec-23
Maine,5264,5336,417,Dec-23
Mariana Islands,18,3,0,Dec-23
Maryland,9535,8431,149,Dec-23
Massachusetts,6010,3757,1888,Dec-23
Michigan,25673,23296,2585,Dec-23
Minnesota,11527,13112,1215,Dec-23
Mississippi,11915,15320,614,Dec-23
Missouri,25862,25694,2677,Dec-23
Montana,5671,6384,491,Dec-23
Nebraska,297,2936,48,Dec-23
Nevada,6384,3317,500,Dec-23
New Hampshire,10745,4147,950,Dec-23
New Jersey,8087,5673,1126,Dec-23
New Mexico,7605,5696,713,Dec-23
New York,10482,15645,1125,Dec-23
North Carolina,31955,22376,1849,Dec-23
North Dakota,2204,3498,192,Dec-23
Ohio,32475,25449,2577,Dec-23
Oklahoma,17306,15773,1780,Dec-23
Oregon,20091,18181,2560,Dec-23
Pennsylvania,48588,31047,19,Dec-23
Puerto Rico,3617,361,58,Dec-23
Rhode Island,1212,712,116,Dec-23
South Carolina,14090,12651,1122,Dec-23
South Dakota,2577,4403,218,Dec-23
Tennessee,37079,30478,2526,Dec-23
Texas,79876,55280,5976,Dec-23
Utah,7803,8139,909,Dec-23
Vermont,1733,2062,136,Dec-23
Virgin Islands,61,3,0,Dec-23
Virginia,29848,24949,4435,Dec-23
Washington,26275,15170,1411,Dec-23
West Virginia,7700,10040,430,Dec-23
Wisconsin,18103,16908,1303,Dec-23
Wyoming,3247,3170,307,Dec-23
Alabama,20736,21991,1443,Nov-23
Alaska,2845,2737,366,Nov-23
Arizona,19873,12119,1812,Nov-23
Arkansas,7826,12053,553,Nov-23
California,51805,27916,6529,Nov-23
Colorado,17050,12852,1615,Nov-23
Connecticut,5655,2689,253,Nov-23
Delaware,2111,1752,101,Nov-23
District of Columbia,434,22,1,Nov-23
Florida,69854,35955,5512,Nov-23
Georgia,19194,16871,1124,Nov-23
Guam,146,60,12,Nov-23
Hawaii,0,0,0,Nov-23
Idaho,6485,7050,638,Nov-23
Illinois,27545,16503,1208,Nov-23
Indiana,22632,20175,1960,Nov-23
Iowa,3598,5395,240,Nov-23
Kansas,7139,8511,670,Nov-23
Kentucky,12538,15097,749,Nov-23
Louisiana,11385,14448,840,Nov-23
Maine,5425,5730,473,Nov-23
Mariana Islands,12,8,0,Nov-23
Maryland,9542,9064,156,Nov-23
Massachusetts,5908,4205,2258,Nov-23
Michigan,23145,26992,2045,Nov-23
Minnesota,10441,13533,999,Nov-23
Mississippi,8850,12587,598,Nov-23
Missouri,20845,24352,1998,Nov-23
Montana,4449,5735,362,Nov-23
Nebraska,294,2878,26,Nov-23
Nevada,5518,2926,408,Nov-23
New Hampshire,9866,4139,826,Nov-23
New Jersey,7971,5836,1096,Nov-23
New Mexico,6709,5144,583,Nov-23
New York,10216,17582,1203,Nov-23
North Carolina,27267,19204,1529,Nov-23
North Dakota,2008,3721,160,Nov-23
Ohio,28364,28353,2237,Nov-23
Oklahoma,14214,14486,1613,Nov-23
Oregon,13674,12572,1746,Nov-23
Pennsylvania,43991,30924,29,Nov-23
Puerto Rico,3922,428,76,Nov-23
Rhode Island,1263,889,96,Nov-23
South Carolina,12011,10707,930,Nov-23
South Dakota,2243,4598,207,Nov-23
Tennessee,31142,26933,2302,Nov-23
Texas,65005,47300,4838,Nov-23
Utah,6583,7156,831,Nov-23
Vermont,1558,1891,105,Nov-23
Virgin Islands,60,6,0,Nov-23
Virginia,26748,22975,3724,Nov-23
Washington,18576,10724,826,Nov-23
West Virginia,5878,10243,322,Nov-23
Wisconsin,17232,18894,1055,Nov-23
Wyoming,2476,2781,230,Nov-23
Alabama,17221,15371,1231,Oct-23
Alaska,3104,3166,370,Oct-23
Arizona,18017,11057,1662,Oct-23
Arkansas,6621,8430,530,Oct-23
California,44691,25644,5695,Oct-23
Colorado,14619,11765,1413,Oct-23
Connecticut,5388,2316,303,Oct-23
Delaware,1907,1337,88,Oct-23
District of Columbia,148,3,0,Oct-23
Florida,66260,30776,5073,Oct-23
Georgia,16975,13026,1006,Oct-23
Guam,114,68,15,Oct-23
Hawaii,0,0,0,Oct-23
Idaho,4967,6189,530,Oct-23
Illinois,23884,12962,1062,Oct-23
Indiana,18806,14941,1530,Oct-23
Iowa,2645,3829,201,Oct-23
Kansas,5926,6514,628,Oct-23
Kentucky,10245,10817,601,Oct-23
Louisiana,9412,11154,732,Oct-23
Maine,5276,6597,328,Oct-23
Mariana Islands,8,6,0,Oct-23
Maryland,7564,7256,151,Oct-23
Massachusetts,5507,4068,2012,Oct-23
Michigan,20605,20877,1770,Oct-23
Minnesota,9279,16510,858,Oct-23
Mississippi,7124,7933,452,Oct-23
Missouri,17727,19607,1705,Oct-23
Montana,3699,6094,379,Oct-23
Nebraska,150,2379,25,Oct-23
Nevada,5164,2761,359,Oct-23
New Hampshire,7101,4094,446,Oct-23
New Jersey,6581,4999,884,Oct-23
New Mexico,6002,4579,544,Oct-23
New York,11245,18501,1163,Oct-23
North Carolina,23104,14785,1208,Oct-23
North Dakota,1777,3915,158,Oct-23
Ohio,23006,18628,1823,Oct-23
Oklahoma,11063,10500,1262,Oct-23
Oregon,12137,10696,1470,Oct-23
Pennsylvania,41953,25691,28,Oct-23
Puerto Rico,3318,315,54,Oct-23
Rhode Island,1195,857,98,Oct-23
South Carolina,9710,8128,777,Oct-23
South Dakota,1908,4855,139,Oct-23
Tennessee,26795,20489,2008,Oct-23
Texas,57211,39291,4198,Oct-23
Utah,4646,5155,700,Oct-23
Vermont,1358,1948,117,Oct-23
Virgin Islands,70,7,0,Oct-23
Virginia,23364,18557,3602,Oct-23
Washington,16214,9637,798,Oct-23
West Virginia,4880,7118,253,Oct-23
Wisconsin,15520,17612,957,Oct-23
Wyoming,1975,2465,178,Oct-23
Alabama,15421,12848,1156,Sep-23
Alaska,2429,2543,262,Sep-23
Arizona,14398,8239,1575,Sep-23
Arkansas,5645,6108,437,Sep-23
California,33792,20548,4295,Sep-23
Colorado,16429,12217,1475,Sep-23
Connecticut,4723,1797,350,Sep-23
Delaware,1608,1039,76,Sep-23
District of Columbia,202,15,0,Sep-23
Florida,51223,20945,4528,Sep-23
Georgia,14264,9395,930,Sep-23
Guam,140,77,13,Sep-23
Hawaii,0,0,0,Sep-23
Idaho,4475,5422,451,Sep-23
Illinois,19675,10357,786,Sep-23
Indiana,16104,11963,1480,Sep-23
Iowa,2027,2936,123,Sep-23
Kansas,4738,5289,627,Sep-23
Kentucky,8369,7610,472,Sep-23
Louisiana,9390,10164,746,Sep-23
Maine,3096,4646,303,Sep-23
Mariana Islands,6,9,0,Sep-23
Maryland,6291,5594,105,Sep-23
Massachusetts,4306,2586,1066,Sep-23
Michigan,16471,16313,1647,Sep-23
Minnesota,8341,14133,827,Sep-23
Mississippi,6519,6247,402,Sep-23
Missouri,15275,14310,1627,Sep-23
Montana,3871,5447,334,Sep-23
Nebraska,112,1625,17,Sep-23
Nevada,3967,2074,327,Sep-23
New Hampshire,4966,3106,443,Sep-23
New Jersey,6157,3372,835,Sep-23
New Mexico,5733,3873,503,Sep-23
New York,10511,14257,1318,Sep-23
North Carolina,20144,11064,1167,Sep-23
North Dakota,1508,3088,122,Sep-23
Ohio,18621,14068,1400,Sep-23
Oklahoma,9595,8238,1155,Sep-23
Oregon,11690,9902,1684,Sep-23
Pennsylvania,35055,19948,26,Sep-23
Puerto Rico,3458,332,41,Sep-23
Rhode Island,923,536,77,Sep-23
South Carolina,8332,6338,820,Sep-23
South Dakota,1512,3308,117,Sep-23
Tennessee,22481,15142,1597,Sep-23
Texas,46450,35984,3761,Sep-23
Utah,3894,4299,664,Sep-23
Vermont,1212,1690,96,Sep-23
Virgin Islands,42,2,0,Sep-23
Virginia,20489,14552,3110,Sep-23
Washington,13141,8428,1011,Sep-23
West Virginia,4020,5183,252,Sep-23
Wisconsin,12987,14352,847,Sep-23
Wyoming,1902,2393,167,Sep-23
Alabama,16323,12014,1243,Aug-23
Alaska,2567,2677,287,Aug-23
Arizona,14352,7957,1594,Aug-23
Arkansas,5821,5335,469,Aug-23
California,32817,22053,4091,Aug-23
Colorado,16006,10591,1453,Aug-23
Connecticut,4681,1728,265,Aug-23
Delaware,1558,1000,93,Aug-23
District of Columbia,239,8,1,Aug-23
Florida,55034,19438,5008,Aug-23
Georgia,14968,8637,999,Aug-23
Guam,196,92,20,Aug-23
Hawaii,0,0,0,Aug-23
Idaho,4449,4600,543,Aug-23
Illinois,20241,10349,811,Aug-23
Indiana,16646,10978,1549,Aug-23
Iowa,1976,2421,174,Aug-23
Kansas,5147,4824,601,Aug-23
Kentucky,8475,7034,552,Aug-23
Louisiana,8956,7249,774,Aug-23
Maine,3111,3538,292,Aug-23
Mariana Islands,20,13,1,Aug-23
Maryland,8144,4771,108,Aug-23
Massachusetts,4913,2844,1240,Aug-23
Michigan,16899,13482,1661,Aug-23
Minnesota,8375,10778,856,Aug-23
Mississippi,8406,7693,490,Aug-23
Missouri,16188,13538,1729,Aug-23
Montana,4109,4341,308,Aug-23
Nebraska,108,1466,15,Aug-23
Nevada,4365,2014,364,Aug-23
New Hampshire,4885,2878,441,Aug-23
New Jersey,6360,3102,869,Aug-23
New Mexico,5602,3547,619,Aug-23
New York,10576,11456,1003,Aug-23
North Carolina,21623,10674,1307,Aug-23
North Dakota,1614,2506,144,Aug-23
Ohio,18488,12634,1424,Aug-23
Oklahoma,9803,7584,1177,Aug-23
Oregon,11431,8386,1592,Aug-23
Pennsylvania,35397,18299,28,Aug-23
Puerto Rico,3826,378,45,Aug-23
Rhode Island,919,599,80,Aug-23
South Carolina,8554,5515,942,Aug-23
South Dakota,1633,2517,130,Aug-23
Tennessee,23835,15229,1630,Aug-23
Texas,47559,30913,3810,Aug-23
Utah,3930,3634,672,Aug-23
Vermont,1189,1467,79,Aug-23
Virgin Islands,35,7,0,Aug-23
Virginia,20538,13005,3167,Aug-23
Washington,13987,7348,987,Aug-23
West Virginia,4078,4451,273,Aug-23
Wisconsin,12464,12008,830,Aug-23
Wyoming,1980,2008,177,Aug-23
Alabama,15324,9081,1285,Jul-23
Alaska,2644,2149,280,Jul-23
Arizona,14812,6957,1568,Jul-23
Arkansas,5552,4050,433,Jul-23
California,30198,18567,3953,Jul-23
Colorado,15430,9647,1422,Jul-23
Connecticut,4347,1494,379,Jul-23
Delaware,1740,772,83,Jul-23
District of Columbia,237,9,1,Jul-23
Florida,59086,18577,4796,Jul-23
Georgia,14937,6725,957,Jul-23
Guam,175,89,13,Jul-23
Hawaii,0,0,0,Jul-23
Idaho,4265,3941,537,Jul-23
Illinois,19386,8274,767,Jul-23
Indiana,16217,9321,1450,Jul-23
Iowa,2015,1978,159,Jul-23
Kansas,5207,4166,603,Jul-23
Kentucky,8219,5806,577,Jul-23
Louisiana,8535,5199,763,Jul-23
Maine,3053,2934,269,Jul-23
Mariana Islands,21,12,0,Jul-23
Maryland,7961,4451,101,Jul-23
Massachusetts,3957,2284,1367,Jul-23
Michigan,16571,11322,1652,Jul-23
Minnesota,7819,7476,922,Jul-23
Mississippi,6673,4000,407,Jul-23
Missouri,15409,10686,1687,Jul-23
Montana,3803,3546,320,Jul-23
Nebraska,115,1151,13,Jul-23
Nevada,4118,1815,341,Jul-23
New Hampshire,4771,2525,514,Jul-23
New Jersey,6752,3117,903,Jul-23
New Mexico,5751,3425,554,Jul-23
New York,8486,8163,733,Jul-23
North Carolina,21984,8739,1316,Jul-23
North Dakota,1454,1971,131,Jul-23
Ohio,18760,11771,1472,Jul-23
Oklahoma,9653,6393,1099,Jul-23
Oregon,11041,7676,1462,Jul-23
Pennsylvania,33320,15865,19,Jul-23
Puerto Rico,3583,314,50,Jul-23
Rhode Island,869,516,86,Jul-23
South Carolina,8471,4497,1036,Jul-23
South Dakota,1424,1925,123,Jul-23
Tennessee,23702,12849,1494,Jul-23
Texas,47650,23317,3888,Jul-23
Utah,3925,3474,586,Jul-23
Vermont,1041,1078,90,Jul-23
Virgin Islands,25,8,1,Jul-23
Virginia,20735,11824,3133,Jul-23
Washington,12617,6268,905,Jul-23
West Virginia,4011,3927,286,Jul-23
Wisconsin,12231,9075,860,Jul-23
Wyoming,1867,1655,148,Jul-23
Alabama,16880,10167,1216,Jun-23
Alaska,2961,2270,275,Jun-23
Arizona,16544,7951,1675,Jun-23
Arkansas,6035,4039,466,Jun-23
California,33746,21016,4539,Jun-23
Colorado,16583,10450,1482,Jun-23
Connecticut,5038,1912,2753,Jun-23
Delaware,2004,792,91,Jun-23
District of Columbia,271,6,0,Jun-23
Florida,58766,20981,4863,Jun-23
Georgia,16292,7548,932,Jun-23
Guam,155,84,5,Jun-23
Hawaii,0,0,0,Jun-23
Idaho,5006,4368,520,Jun-23
Illinois,19399,7913,761,Jun-23
Indiana,17712,9939,1512,Jun-23
Iowa,2051,1987,138,Jun-23
Kansas,5275,3913,576,Jun-23
Kentucky,9015,6134,502,Jun-23
Louisiana,9389,5236,729,Jun-23
Maine,3253,3112,261,Jun-23
Mariana Islands,19,10,0,Jun-23
Maryland,8844,4725,110,Jun-23
Massachusetts,4408,2335,1170,Jun-23
Michigan,17696,12108,1626,Jun-23
Minnesota,8093,7179,868,Jun-23
Mississippi,7655,4253,421,Jun-23
Missouri,16411,11306,1587,Jun-23
Montana,3876,3735,301,Jun-23
Nebraska,131,1241,19,Jun-23
Nevada,4703,2261,357,Jun-23
New Hampshire,5031,2680,453,Jun-23
New Jersey,7530,3387,863,Jun-23
New Mexico,6405,3704,581,Jun-23
New York,9824,9391,905,Jun-23
North Carolina,25982,9799,1266,Jun-23
North Dakota,1489,2046,118,Jun-23
Ohio,18799,11658,1258,Jun-23
Oklahoma,10384,6425,1152,Jun-23
Oregon,13917,10485,1841,Jun-23
Pennsylvania,36449,18162,12,Jun-23
Puerto Rico,4567,384,67,Jun-23
Rhode Island,1008,566,90,Jun-23
South Carolina,9746,5128,953,Jun-23
South Dakota,1563,1988,139,Jun-23
Tennessee,24651,13369,1591,Jun-23
Texas,51381,24918,3800,Jun-23
Utah,5814,5054,797,Jun-23
Vermont,1498,1405,96,Jun-23
Virgin Islands,43,2,0,Jun-23
Virginia,21984,12563,3363,Jun-23
Washington,14134,7229,924,Jun-23
West Virginia,4369,4232,262,Jun-23
Wisconsin,13776,9343,907,Jun-23
Wyoming,2039,1842,149,Jun-23
Alabama,17565,9949,1179,May-23
Alaska,3115,2346,294,May-23
Arizona,16609,8057,1550,May-23
Arkansas,6456,4327,405,May-23
California,34421,21695,4841,May-23
Colorado,18190,11014,1574,May-23
Connecticut,4991,1776,1779,May-23
Delaware,2470,778,87,May-23
District of Columbia,355,5,0,May-23
Florida,61383,21861,4709,May-23
Georgia,17312,7429,857,May-23
Guam,113,64,13,May-23
Hawaii,0,0,0,May-23
Idaho,5047,4681,590,May-23
Illinois,23805,11014,1103,May-23
Indiana,18327,10110,1464,May-23
Iowa,2236,1939,136,May-23
Kansas,5434,3993,535,May-23
Kentucky,9498,6426,502,May-23
Louisiana,10189,5502,681,May-23
Maine,3398,3030,273,May-23
Mariana Islands,17,6,0,May-23
Maryland,11070,5267,109,May-23
Massachusetts,4567,2330,1095,May-23
Michigan,18504,12622,1673,May-23
Minnesota,9207,8339,913,May-23
Mississippi,7790,4296,375,May-23
Missouri,17012,11619,1610,May-23
Montana,4235,4011,314,May-23
Nebraska,158,1205,19,May-23
Nevada,4890,2324,352,May-23
New Hampshire,5556,2861,388,May-23
New Jersey,8319,3667,1021,May-23
New Mexico,6492,3980,574,May-23
New York,10007,9564,1007,May-23
North Carolina,30437,10045,1315,May-23
North Dakota,1602,2142,125,May-23
Ohio,20161,11643,1319,May-23
Oklahoma,11097,7021,1109,May-23
Oregon,19095,15002,2558,May-23
Pennsylvania,37238,17503,23,May-23
Puerto Rico,4803,373,44,May-23
Rhode Island,976,610,117,May-23
South Carolina,10051,5112,856,May-23
South Dakota,1683,2009,143,May-23
Tennessee,25911,13591,1592,May-23
Texas,58444,27280,3780,May-23
Utah,4930,4030,731,May-23
Vermont,1429,1407,85,May-23
Virgin Islands,37,2,1,May-23
Virginia,22469,12389,3212,May-23
Washington,16683,8441,1011,May-23
West Virginia,4709,4671,243,May-23
Wisconsin,15866,10353,877,May-23
Wyoming,2165,2024,165,May-23
Alabama,18898,11836,1172,Apr-23
Alaska,3390,2743,327,Apr-23
Arizona,18141,9179,1603,Apr-23
Arkansas,6947,5295,427,Apr-23
California,35813,23385,5158,Apr-23
Colorado,20159,13616,2038,Apr-23
Connecticut,5971,1919,1023,Apr-23
Delaware,2270,899,99,Apr-23
District of Columbia,394,9,1,Apr-23
Florida,69152,24519,4616,Apr-23
Georgia,18162,8498,882,Apr-23
Guam,142,80,16,Apr-23
Hawaii,0,0,0,Apr-23
Idaho,5796,5703,619,Apr-23
Illinois,27184,11406,1364,Apr-23
Indiana,20732,12656,1670,Apr-23
Iowa,2867,2720,161,Apr-23
Kansas,6260,4871,622,Apr-23
Kentucky,10210,8238,646,Apr-23
Louisiana,10749,5961,800,Apr-23
Maine,3975,3884,332,Apr-23
Mariana Islands,19,7,0,Apr-23
Maryland,10756,5927,128,Apr-23
Massachusetts,5099,2854,1415,Apr-23
Michigan,22895,17266,2059,Apr-23
Minnesota,12619,13620,1143,Apr-23
Mississippi,8473,5084,374,Apr-23
Missouri,17821,13932,1600,Apr-23
Montana,4677,4987,371,Apr-23
Nebraska,174,1592,22,Apr-23
Nevada,5193,2525,369,Apr-23
New Hampshire,6140,3556,455,Apr-23
New Jersey,8404,3677,982,Apr-23
New Mexico,6711,4144,569,Apr-23
New York,11156,12438,1366,Apr-23
North Carolina,46040,11984,1388,Apr-23
North Dakota,2115,3021,163,Apr-23
Ohio,23293,15181,1549,Apr-23
Oklahoma,12767,8668,1360,Apr-23
Oregon,26529,16392,301,Apr-23
Pennsylvania,43869,21576,47,Apr-23
Puerto Rico,4396,382,40,Apr-23
Rhode Island,1176,736,148,Apr-23
South Carolina,10395,5517,737,Apr-23
South Dakota,2093,2740,191,Apr-23
Tennessee,27862,16636,1935,Apr-23
Texas,56795,28584,4022,Apr-23
Utah,5118,4380,757,Apr-23
Vermont,1708,1881,105,Apr-23
Virgin Islands,20,5,0,Apr-23
Virginia,25421,15125,3368,Apr-23
Washington,23767,19992,24063,Apr-23
West Virginia,4945,5480,272,Apr-23
Wisconsin,19668,15193,1093,Apr-23
Wyoming,2275,2214,193,Apr-23
Alabama,23132,15158,1314,Mar-23
Alaska,3295,2610,397,Mar-23
Arizona,20940,10397,1772,Mar-23
Arkansas,8827,6436,573,Mar-23
California,40714,26473,5455,Mar-23
Colorado,24432,15658,2504,Mar-23
Connecticut,7098,2405,1076,Mar-23
Delaware,2596,1160,94,Mar-23
District of Columbia,412,20,1,Mar-23
Florida,65213,25801,4828,Mar-23
Georgia,22752,10535,1068,Mar-23
Guam,133,107,21,Mar-23
Hawaii,0,0,0,Mar-23
Idaho,6539,5830,724,Mar-23
Illinois,34238,14033,1661,Mar-23
Indiana,26541,14706,2078,Mar-23
Iowa,3578,3699,227,Mar-23
Kansas,7705,6440,790,Mar-23
Kentucky,12713,9877,725,Mar-23
Louisiana,13598,7006,816,Mar-23
Maine,4753,4071,407,Mar-23
Mariana Islands,6,8,0,Mar-23
Maryland,13403,6825,159,Mar-23
Massachusetts,6309,3486,1651,Mar-23
Michigan,29457,20434,2576,Mar-23
Minnesota,13594,13285,1195,Mar-23
Mississippi,10954,6779,495,Mar-23
Missouri,23855,17769,2084,Mar-23
Montana,5511,4888,438,Mar-23
Nebraska,232,1899,28,Mar-23
Nevada,6250,2791,450,Mar-23
New Hampshire,6838,3567,493,Mar-23
New Jersey,10810,4653,1098,Mar-23
New Mexico,8550,4994,646,Mar-23
New York,13030,13570,1592,Mar-23
North Carolina,10041,13772,1214,Mar-23
North Dakota,2456,3123,188,Mar-23
Ohio,29772,17706,2057,Mar-23
Oklahoma,14152,9540,1456,Mar-23
Oregon,32266,17703,0,Mar-23
Pennsylvania,54232,25246,31,Mar-23
Puerto Rico,4768,382,60,Mar-23
Rhode Island,1299,793,133,Mar-23
South Carolina,13880,6899,871,Mar-23
South Dakota,2611,3330,201,Mar-23
Tennessee,32348,18569,2001,Mar-23
Texas,67368,32194,4370,Mar-23
Utah,6476,5263,835,Mar-23
Vermont,2172,1958,153,Mar-23
Virgin Islands,43,6,0,Mar-23
Virginia,28577,16656,3867,Mar-23
Washington,26460,22044,26896,Mar-23
West Virginia,6697,6782,386,Mar-23
Wisconsin,23317,17653,1293,Mar-23
Wyoming,2705,2411,230,Mar-23
Alabama,22128,13370,1209,Feb-23
Alaska,2607,2025,312,Feb-23
Arizona,18576,8692,1538,Feb-23
Arkansas,7850,6003,469,Feb-23
California,36098,21837,4641,Feb-23
Colorado,19318,11729,1886,Feb-23
Connecticut,5941,1937,997,Feb-23
Delaware,2325,1005,90,Feb-23
District of Columbia,307,16,2,Feb-23
Florida,60511,22852,4587,Feb-23
Georgia,21324,9576,1028,Feb-23
Guam,148,69,12,Feb-23
Hawaii,0,0,0,Feb-23
Idaho,5631,4694,621,Feb-23
Illinois,27357,10907,1103,Feb-23
Indiana,24114,12607,1765,Feb-23
Iowa,3022,2825,199,Feb-23
Kansas,7396,5821,732,Feb-23
Kentucky,12761,8864,662,Feb-23
Louisiana,12585,6683,756,Feb-23
Maine,4018,3366,321,Feb-23
Mariana Islands,15,5,0,Feb-23
Maryland,12686,5806,138,Feb-23
Massachusetts,5596,2764,1417,Feb-23
Michigan,24124,15758,2175,Feb-23
Minnesota,10910,9693,1033,Feb-23
Mississippi,10674,6743,481,Feb-23
Missouri,21445,15486,1910,Feb-23
Montana,4166,3859,330,Feb-23
Nebraska,223,1771,33,Feb-23
Nevada,5046,2174,362,Feb-23
New Hampshire,6241,3109,437,Feb-23
New Jersey,8541,3731,936,Feb-23
New Mexico,7439,4251,645,Feb-23
New York,10597,10952,1292,Feb-23
North Carolina,1745,12607,1103,Feb-23
North Dakota,2174,2472,153,Feb-23
Ohio,28191,15172,1813,Feb-23
Oklahoma,13503,9022,1488,Feb-23
Oregon,24857,12697,0,Feb-23
Pennsylvania,47212,21088,35,Feb-23
Puerto Rico,4019,320,47,Feb-23
Rhode Island,1164,807,184,Feb-23
South Carolina,13628,6499,770,Feb-23
South Dakota,2299,2590,177,Feb-23
Tennessee,31754,16829,1961,Feb-23
Texas,63700,29634,4277,Feb-23
Utah,5255,4086,658,Feb-23
Vermont,1861,1822,109,Feb-23
Virgin Islands,78,4,0,Feb-23
Virginia,27299,15238,3617,Feb-23
Washington,17983,12653,7015,Feb-23
West Virginia,6187,5669,319,Feb-23
Wisconsin,19720,12896,1100,Feb-23
Wyoming,2103,1861,163,Feb-23
Alabama,20028,13674,1403,Jan-23
Alaska,2406,1779,323,Jan-23
Arizona,17744,8275,1763,Jan-23
Arkansas,6484,6290,485,Jan-23
California,35181,21735,4949,Jan-23
Colorado,18373,11230,2031,Jan-23
Connecticut,5842,1922,2514,Jan-23
Delaware,2231,1081,86,Jan-23
District of Columbia,326,13,0,Jan-23
Florida,58648,22950,4883,Jan-23
Georgia,18081,9451,997,Jan-23
Guam,188,79,19,Jan-23
Hawaii,0,0,0,Jan-23
Idaho,5234,4415,649,Jan-23
Illinois,28370,14140,1715,Jan-23
Indiana,22825,12560,1912,Jan-23
Iowa,2527,2790,193,Jan-23
Kansas,6507,5577,708,Jan-23
Kentucky,10744,8081,628,Jan-23
Louisiana,10755,7949,870,Jan-23
Maine,3614,3093,352,Jan-23
Mariana Islands,8,1,1,Jan-23
Maryland,12299,5849,116,Jan-23
Massachusetts,5626,2799,1506,Jan-23
Michigan,21880,15056,2420,Jan-23
Minnesota,9530,8082,1016,Jan-23
Mississippi,8153,6557,511,Jan-23
Missouri,19831,14724,2133,Jan-23
Montana,3600,3179,388,Jan-23
Nebraska,227,1665,31,Jan-23
Nevada,4875,2288,386,Jan-23
New Hampshire,6094,2872,472,Jan-23
New Jersey,10554,4848,1203,Jan-23
New Mexico,6587,3912,640,Jan-23
New York,10288,10775,1211,Jan-23
North Carolina,1728,12327,1099,Jan-23
North Dakota,1876,2325,172,Jan-23
Ohio,24938,13130,1563,Jan-23
Oklahoma,11935,8559,1339,Jan-23
Oregon,32268,15723,0,Jan-23
Pennsylvania,42802,19236,33,Jan-23
Puerto Rico,3827,277,62,Jan-23
Rhode Island,1190,622,102,Jan-23
South Carolina,10668,6069,881,Jan-23
South Dakota,2015,2506,183,Jan-23
Tennessee,28782,16472,1901,Jan-23
Texas,55982,29702,4323,Jan-23
Utah,4757,3717,733,Jan-23
Vermont,1575,1412,141,Jan-23
Virgin Islands,25,5,0,Jan-23
Virginia,26233,15043,3637,Jan-23
Washington,19251,11776,5937,Jan-23
West Virginia,5280,5333,363,Jan-23
Wisconsin,16431,10812,1180,Jan-23
Wyoming,1909,1571,164,Jan-23
Alabama,29645,25911,1740,Dec-22
Alaska,3231,2824,372,Dec-22
Arizona,23595,11885,2120,Dec-22
Arkansas,10515,11968,624,Dec-22
California,40213,28073,5523,Dec-22
Colorado,22830,15437,1959,Dec-22
Connecticut,6526,2183,1148,Dec-22
Delaware,2607,1716,115,Dec-22
District of Columbia,300,21,1,Dec-22
Florida,74886,35416,5826,Dec-22
Georgia,28194,19068,1341,Dec-22
Guam,179,86,15,Dec-22
Hawaii,0,0,0,Dec-22
Idaho,8694,7551,817,Dec-22
Illinois,30563,18733,2005,Dec-22
Indiana,28936,18301,2244,Dec-22
Iowa,3430,4684,250,Dec-22
Kansas,8716,8791,793,Dec-22
Kentucky,16789,15697,861,Dec-22
Louisiana,17019,16403,1052,Dec-22
Maine,4895,5150,419,Dec-22
Mariana Islands,17,6,0,Dec-22
Maryland,12642,8061,158,Dec-22
Massachusetts,6139,3159,1548,Dec-22
Michigan,25042,21169,2797,Dec-22
Minnesota,11270,11604,1221,Dec-22
Mississippi,13752,15187,634,Dec-22
Missouri,27213,23525,2645,Dec-22
Montana,5469,5386,463,Dec-22
Nebraska,337,2864,44,Dec-22
Nevada,6127,3153,459,Dec-22
New Hampshire,7873,4217,455,Dec-22
New Jersey,8341,4542,981,Dec-22
New Mexico,8527,5440,720,Dec-22
New York,10323,15319,1291,Dec-22
North Carolina,2841,23239,1438,Dec-22
North Dakota,1991,2808,202,Dec-22
Ohio,33116,21775,1912,Dec-22
Oklahoma,18067,16175,1726,Dec-22
Oregon,46735,22029,0,Dec-22
Pennsylvania,53009,28275,29,Dec-22
Puerto Rico,5083,357,51,Dec-22
Rhode Island,1378,746,111,Dec-22
South Carolina,16374,11987,1266,Dec-22
South Dakota,2608,3888,221,Dec-22
Tennessee,40500,28530,2569,Dec-22
Texas,83157,52862,5546,Dec-22
Utah,8160,7997,829,Dec-22
Vermont,1994,2111,149,Dec-22
Virgin Islands,25,3,0,Dec-22
Virginia,32824,22955,4519,Dec-22
Washington,20960,14335,4573,Dec-22
West Virginia,8317,9749,444,Dec-22
Wisconsin,19645,15194,1433,Dec-22
Wyoming,3096,2932,258,Dec-22
Alabama,22068,19922,1190,Nov-22
Alaska,3182,2890,332,Nov-22
Arizona,18816,9664,1513,Nov-22
Arkansas,7994,10304,439,Nov-22
California,37386,25634,4888,Nov-22
Colorado,20088,13493,1551,Nov-22
Connecticut,5660,2132,1120,Nov-22
Delaware,1961,1570,76,Nov-22
District of Columbia,455,26,2,Nov-22
Florida,61475,28064,4766,Nov-22
Georgia,20201,14036,866,Nov-22
Guam,196,83,13,Nov-22
Hawaii,0,0,0,Nov-22
Idaho,6776,6569,598,Nov-22
Illinois,24875,14612,1564,Nov-22
Indiana,23698,18044,1642,Nov-22
Iowa,3589,5081,176,Nov-22
Kansas,7501,7768,581,Nov-22
Kentucky,12229,13521,606,Nov-22
Louisiana,12512,12952,758,Nov-22
Maine,3761,4894,306,Nov-22
Mariana Islands,12,8,1,Nov-22
Maryland,12154,7431,121,Nov-22
Massachusetts,5791,3340,1389,Nov-22
Michigan,22446,23562,1754,Nov-22
Minnesota,11045,13156,956,Nov-22
Mississippi,9829,11939,416,Nov-22
Missouri,21737,21503,1800,Nov-22
Montana,4283,5028,311,Nov-22
Nebraska,263,2702,25,Nov-22
Nevada,5324,2480,363,Nov-22
New Hampshire,6358,3753,323,Nov-22
New Jersey,8346,3945,924,Nov-22
New Mexico,6926,4658,538,Nov-22
New York,9328,14518,1093,Nov-22
North Carolina,2400,17849,1015,Nov-22
North Dakota,1914,3095,131,Nov-22
Ohio,28175,23760,1472,Nov-22
Oklahoma,14698,13433,1244,Nov-22
Oregon,57990,27862,0,Nov-22
Pennsylvania,45307,27505,28,Nov-22
Puerto Rico,5943,438,64,Nov-22
Rhode Island,1238,729,117,Nov-22
South Carolina,12634,9269,772,Nov-22
South Dakota,2622,4447,180,Nov-22
Tennessee,31059,23116,2180,Nov-22
Texas,63821,41578,3964,Nov-22
Utah,6654,6741,676,Nov-22
Vermont,1575,1910,115,Nov-22
Virgin Islands,38,3,0,Nov-22
Virginia,27137,19880,3505,Nov-22
Washington,15840,11947,3208,Nov-22
West Virginia,6065,9079,337,Nov-22
Wisconsin,19780,17496,1038,Nov-22
Wyoming,2724,2534,189,Nov-22
Alabama,17564,13145,1096,Oct-22
Alaska,3319,3316,378,Oct-22
Arizona,16648,8317,1497,Oct-22
Arkansas,6579,7145,411,Oct-22
California,36991,22350,4451,Oct-22
Colorado,18115,12580,1582,Oct-22
Connecticut,5379,1875,902,Oct-22
Delaware,1956,1127,86,Oct-22
District of Columbia,406,29,0,Oct-22
Florida,56101,21525,4409,Oct-22
Georgia,18113,10887,822,Oct-22
Guam,194,69,21,Oct-22
Hawaii,0,0,0,Oct-22
Idaho,5281,5944,569,Oct-22
Illinois,21387,10840,1091,Oct-22
Indiana,20226,12643,1434,Oct-22
Iowa,2474,3402,129,Oct-22
Kansas,5686,5589,522,Oct-22
Kentucky,9836,9489,517,Oct-22
Louisiana,11485,10058,681,Oct-22
Maine,3706,6019,264,Oct-22
Mariana Islands,15,15,3,Oct-22
Maryland,11676,6156,137,Oct-22
Massachusetts,4996,2861,1332,Oct-22
Michigan,18736,18051,1541,Oct-22
Minnesota,10012,16617,912,Oct-22
Mississippi,8304,7218,383,Oct-22
Missouri,18211,17451,1639,Oct-22
Montana,3780,5862,296,Oct-22
Nebraska,106,2049,17,Oct-22
Nevada,4829,2190,334,Oct-22
New Hampshire,5366,3893,348,Oct-22
New Jersey,10050,4137,1067,Oct-22
New Mexico,6417,4088,538,Oct-22
New York,9619,13412,943,Oct-22
North Carolina,1458,14220,982,Oct-22
North Dakota,1875,4315,130,Oct-22
Ohio,21257,15147,1196,Oct-22
Oklahoma,11019,9238,969,Oct-22
Oregon,18201,11038,0,Oct-22
Pennsylvania,43318,22321,42,Oct-22
Puerto Rico,4724,308,57,Oct-22
Rhode Island,1011,707,104,Oct-22
South Carolina,10030,6942,695,Oct-22
South Dakota,2022,5141,136,Oct-22
Tennessee,26867,17176,1776,Oct-22
Texas,56594,33532,3676,Oct-22
Utah,4412,4498,596,Oct-22
Vermont,1564,2005,108,Oct-22
Virgin Islands,30,5,0,Oct-22
Virginia,24372,16631,3310,Oct-22
Washington,15021,11570,3042,Oct-22
West Virginia,4981,6824,241,Oct-22
Wisconsin,16814,16646,955,Oct-22
Wyoming,2007,2234,156,Oct-22
Alabama,17226,13518,1213,Sep-22
Alaska,3738,3767,400,Sep-22
Arizona,17476,9048,1694,Sep-22
Arkansas,6670,6102,394,Sep-22
California,34417,22375,4527,Sep-22
Colorado,18944,12605,1649,Sep-22
Connecticut,5121,1660,856,Sep-22
Delaware,1803,964,66,Sep-22
District of Columbia,634,36,0,Sep-22
Florida,52674,20389,4536,Sep-22
Georgia,17848,9552,804,Sep-22
Guam,239,91,17,Sep-22
Hawaii,0,0,0,Sep-22
Idaho,5503,5756,566,Sep-22
Illinois,21772,10505,1175,Sep-22
Indiana,21991,12729,1559,Sep-22
Iowa,2374,3089,138,Sep-22
Kansas,5656,5144,550,Sep-22
Kentucky,9610,7857,527,Sep-22
Louisiana,12116,9347,837,Sep-22
Maine,3837,5180,291,Sep-22
Mariana Islands,16,15,2,Sep-22
Maryland,11129,5779,121,Sep-22
Massachusetts,4784,2739,1102,Sep-22
Michigan,19068,17606,1731,Sep-22
Minnesota,10312,14751,981,Sep-22
Mississippi,8678,6655,405,Sep-22
Missouri,18416,15044,1658,Sep-22
Montana,4223,5236,328,Sep-22
Nebraska,115,1758,28,Sep-22
Nevada,5043,2322,388,Sep-22
New Hampshire,5444,3616,319,Sep-22
New Jersey,9214,3590,976,Sep-22
New Mexico,6341,4228,605,Sep-22
New York,10159,16180,2128,Sep-22
North Carolina,1347,12819,1094,Sep-22
North Dakota,1772,3318,175,Sep-22
Ohio,22226,14018,1282,Sep-22
Oklahoma,11002,8904,1177,Sep-22
Oregon,15511,9892,0,Sep-22
Pennsylvania,40911,20583,38,Sep-22
Puerto Rico,3537,263,55,Sep-22
Rhode Island,1025,607,90,Sep-22
South Carolina,9923,6477,720,Sep-22
South Dakota,2118,3486,163,Sep-22
Tennessee,28479,16418,1903,Sep-22
Texas,54688,36257,4023,Sep-22
Utah,4710,4497,568,Sep-22
Vermont,1629,1887,121,Sep-22
Virgin Islands,38,2,0,Sep-22
Virginia,23514,14899,3420,Sep-22
Washington,16010,10922,3098,Sep-22
West Virginia,4688,5536,278,Sep-22
Wisconsin,17356,15300,1044,Sep-22
Wyoming,2194,2354,162,Sep-22
Alabama,18400,13679,1315,Aug-22
Alaska,3225,3005,373,Aug-22
Arizona,19079,9304,1947,Aug-22
Arkansas,6885,5697,516,Aug-22
California,39236,25005,5743,Aug-22
Colorado,20557,13165,1812,Aug-22
Connecticut,4111,1347,874,Aug-22
Delaware,1913,910,104,Aug-22
District of Columbia,491,18,0,Aug-22
Florida,60229,22654,5518,Aug-22
Georgia,18868,9588,949,Aug-22
Guam,204,78,20,Aug-22
Hawaii,0,0,0,Aug-22
Idaho,5663,5167,575,Aug-22
Illinois,21278,10914,1214,Aug-22
Indiana,23746,12311,1717,Aug-22
Iowa,2425,2684,151,Aug-22
Kansas,5954,5134,649,Aug-22
Kentucky,9851,7604,645,Aug-22
Louisiana,12861,8514,1002,Aug-22
Maine,3778,3866,399,Aug-22
Mariana Islands,9,9,0,Aug-22
Maryland,12452,5404,131,Aug-22
Massachusetts,5608,2939,1306,Aug-22
Michigan,19504,15053,1908,Aug-22
Minnesota,11079,11982,1096,Aug-22
Mississippi,10282,8410,574,Aug-22
Missouri,18675,14329,1948,Aug-22
Montana,4301,4340,382,Aug-22
Nebraska,107,1620,16,Aug-22
Nevada,5591,2426,387,Aug-22
New Hampshire,5954,3293,324,Aug-22
New Jersey,10281,4003,1002,Aug-22
New Mexico,7463,4335,733,Aug-22
New York,12197,23170,4325,Aug-22
North Carolina,1571,12808,1231,Aug-22
North Dakota,1900,2753,175,Aug-22
Ohio,23314,13691,1581,Aug-22
Oklahoma,12065,8538,1471,Aug-22
Oregon,15535,9139,0,Aug-22
Pennsylvania,43173,19780,42,Aug-22
Puerto Rico,4808,352,53,Aug-22
Rhode Island,1144,676,115,Aug-22
South Carolina,10679,6543,823,Aug-22
South Dakota,2282,3123,221,Aug-22
Tennessee,27877,16463,1898,Aug-22
Texas,57617,33989,4632,Aug-22
Utah,5251,4268,632,Aug-22
Vermont,1595,1567,119,Aug-22
Virgin Islands,38,4,0,Aug-22
Virginia,23927,14134,3586,Aug-22
Washington,16573,10248,3576,Aug-22
West Virginia,4730,4762,306,Aug-22
Wisconsin,17139,13028,1080,Aug-22
Wyoming,2325,2137,208,Aug-22
Alabama,18732,11235,1411,Jul-22
Alaska,3200,2486,314,Jul-22
Arizona,19301,8868,1998,Jul-22
Arkansas,6626,4388,478,Jul-22
California,41159,23489,6090,Jul-22
Colorado,18940,11365,1789,Jul-22
Connecticut,4688,1358,986,Jul-22
Delaware,2023,886,83,Jul-22
District of Columbia,379,12,0,Jul-22
Florida,61996,21087,5289,Jul-22
Georgia,19307,7697,928,Jul-22
Guam,185,97,12,Jul-22
Hawaii,0,0,0,Jul-22
Idaho,5819,4576,684,Jul-22
Illinois,20758,9843,1133,Jul-22
Indiana,25699,10652,1683,Jul-22
Iowa,2594,2292,125,Jul-22
Kansas,6433,4363,652,Jul-22
Kentucky,10184,6714,642,Jul-22
Louisiana,12568,6411,1028,Jul-22
Maine,3976,3326,389,Jul-22
Mariana Islands,7,10,0,Jul-22
Maryland,9712,5211,120,Jul-22
Massachusetts,5032,2542,1167,Jul-22
Michigan,20700,12962,1895,Jul-22
Minnesota,10166,8655,1004,Jul-22
Mississippi,8178,4903,481,Jul-22
Missouri,19786,12698,2091,Jul-22
Montana,4333,3870,357,Jul-22
Nebraska,130,1397,19,Jul-22
Nevada,5284,2221,409,Jul-22
New Hampshire,5940,3031,408,Jul-22
New Jersey,9460,3963,926,Jul-22
New Mexico,6740,3797,620,Jul-22
New York,10691,14983,3286,Jul-22
North Carolina,1928,11528,1229,Jul-22
North Dakota,1840,2386,180,Jul-22
Ohio,25780,12538,1537,Jul-22
Oklahoma,12381,7220,1429,Jul-22
Oregon,15740,8659,0,Jul-22
Pennsylvania,42923,18194,40,Jul-22
Puerto Rico,4631,333,49,Jul-22
Rhode Island,1069,579,80,Jul-22
South Carolina,10964,5364,837,Jul-22
South Dakota,2175,2375,196,Jul-22
Tennessee,28300,14569,1971,Jul-22
Texas,60260,27696,4489,Jul-22
Utah,5319,4111,696,Jul-22
Vermont,1668,1410,127,Jul-22
Virgin Islands,61,0,1,Jul-22
Virginia,25758,13491,3582,Jul-22
Washington,22666,11347,3871,Jul-22
West Virginia,5109,4504,308,Jul-22
Wisconsin,16943,10414,1123,Jul-22
Wyoming,2167,1990,200,Jul-22
Alabama,20615,12473,1670,Jun-22
Alaska,3265,2451,355,Jun-22
Arizona,21680,10684,2246,Jun-22
Arkansas,7462,4881,624,Jun-22
California,43113,27018,7422,Jun-22
Colorado,20602,12857,2061,Jun-22
Connecticut,5869,1730,1419,Jun-22
Delaware,3504,3475,1419,Jun-22
District of Columbia,406,12,0,Jun-22
Florida,70236,26816,6465,Jun-22
Georgia,21178,8667,1114,Jun-22
Guam,199,79,20,Jun-22
Hawaii,0,0,0,Jun-22
Idaho,6832,5661,792,Jun-22
Illinois,21912,10229,1204,Jun-22
Indiana,22310,11461,2008,Jun-22
Iowa,2885,2360,158,Jun-22
Kansas,6912,4901,806,Jun-22
Kentucky,10740,7033,763,Jun-22
Louisiana,13840,6700,1105,Jun-22
Maine,4447,3773,437,Jun-22
Mariana Islands,14,13,1,Jun-22
Maryland,8401,5951,188,Jun-22
Massachusetts,5734,2910,1325,Jun-22
Michigan,22279,14440,2341,Jun-22
Minnesota,10511,8650,1158,Jun-22
Mississippi,8976,5134,556,Jun-22
Missouri,20382,13146,2377,Jun-22
Montana,5015,4597,419,Jun-22
Nebraska,115,1487,25,Jun-22
Nevada,6351,2926,497,Jun-22
New Hampshire,6688,3396,354,Jun-22
New Jersey,6813,5022,978,Jun-22
New Mexico,7367,4361,823,Jun-22
New York,11860,19130,5930,Jun-22
North Carolina,1819,13030,1398,Jun-22
North Dakota,1799,2311,165,Jun-22
Ohio,29208,13273,1636,Jun-22
Oklahoma,14288,8281,1887,Jun-22
Oregon,17867,10391,0,Jun-22
Pennsylvania,48211,20917,38,Jun-22
Puerto Rico,5585,437,48,Jun-22
Rhode Island,1457,897,129,Jun-22
South Carolina,12819,5822,873,Jun-22
South Dakota,2244,2517,207,Jun-22
Tennessee,30112,15782,2142,Jun-22
Texas,69148,32349,5487,Jun-22
Utah,6333,4920,756,Jun-22
Vermont,1767,1517,136,Jun-22
Virgin Islands,44,3,0,Jun-22
Virginia,27252,14648,4171,Jun-22
Washington,38603,16561,5553,Jun-22
West Virginia,5662,4539,344,Jun-22
Wisconsin,17974,11110,1323,Jun-22
Wyoming,2463,2412,228,Jun-22
Alabama,18288,10569,1085,May-22
Alaska,3193,2463,303,May-22
Arizona,18297,8087,1511,May-22
Arkansas,6381,4276,327,May-22
California,37659,23729,5143,May-22
Colorado,19421,11234,1495,May-22
Connecticut,5463,1585,1087,May-22
Delaware,2071,1209,163,May-22
District of Columbia,369,11,0,May-22
Florida,59519,20002,4408,May-22
Georgia,20689,7238,779,May-22
Guam,190,72,15,May-22
Hawaii,0,0,0,May-22
Idaho,6062,5228,569,May-22
Illinois,19865,8639,1031,May-22
Indiana,19617,9957,1372,May-22
Iowa,2321,2191,129,May-22
Kansas,5867,4046,499,May-22
Kentucky,9753,6567,505,May-22
Louisiana,12405,5438,771,May-22
Maine,3457,2937,309,May-22
Mariana Islands,17,26,1,May-22
Maryland,7645,5276,123,May-22
Massachusetts,5041,2508,1009,May-22
Michigan,20573,12514,1690,May-22
Minnesota,10715,9157,924,May-22
Mississippi,8395,4393,457,May-22
Missouri,18363,11898,1790,May-22
Montana,4375,4513,352,May-22
Nebraska,111,1269,21,May-22
Nevada,5586,2413,380,May-22
New Hampshire,5392,2822,248,May-22
New Jersey,6682,3955,813,May-22
New Mexico,6612,3775,514,May-22
New York,9679,12756,1771,May-22
North Carolina,1579,10792,1044,May-22
North Dakota,1882,2246,144,May-22
Ohio,22495,11534,1208,May-22
Oklahoma,11879,6871,1232,May-22
Oregon,15483,8842,0,May-22
Pennsylvania,41014,17026,64,May-22
Puerto Rico,5790,401,50,May-22
Rhode Island,1086,680,78,May-22
South Carolina,11806,4936,632,May-22
South Dakota,2096,2240,173,May-22
Tennessee,26402,12876,1737,May-22
Texas,61073,26898,3881,May-22
Utah,5366,4129,482,May-22
Vermont,1396,1287,97,May-22
Virgin Islands,31,1,0,May-22
Virginia,24118,12268,3224,May-22
Washington,26620,12272,3925,May-22
West Virginia,4907,4298,273,May-22
Wisconsin,15938,10604,1050,May-22
Wyoming,2421,2148,170,May-22
Alabama,20593,12513,1249,Apr-22
Alaska,3425,2946,391,Apr-22
Arizona,20628,9300,1814,Apr-22
Arkansas,7659,5376,483,Apr-22
California,38217,25572,5595,Apr-22
Colorado,20608,12516,1799,Apr-22
Connecticut,6064,1909,1684,Apr-22
Delaware,2326,1357,178,Apr-22
District of Columbia,538,20,1,Apr-22
Florida,65359,22430,4912,Apr-22
Georgia,22500,8495,849,Apr-22
Guam,199,82,23,Apr-22
Hawaii,0,0,0,Apr-22
Idaho,6581,5795,677,Apr-22
Illinois,24064,10548,1178,Apr-22
Indiana,24086,13122,1933,Apr-22
Iowa,2818,3058,159,Apr-22
Kansas,6989,4915,656,Apr-22
Kentucky,11609,8991,601,Apr-22
Louisiana,13978,6119,914,Apr-22
Maine,4245,3802,394,Apr-22
Mariana Islands,19,10,1,Apr-22
Maryland,7795,6062,136,Apr-22
Massachusetts,5671,3282,1287,Apr-22
Michigan,25891,17597,2303,Apr-22
Minnesota,14559,13987,1228,Apr-22
Mississippi,10141,5599,539,Apr-22
Missouri,21431,16216,2080,Apr-22
Montana,4796,4978,422,Apr-22
Nebraska,154,1631,20,Apr-22
Nevada,6004,2624,437,Apr-22
New Hampshire,6657,3648,226,Apr-22
New Jersey,7844,4643,1059,Apr-22
New Mexico,7274,4568,600,Apr-22
New York,11120,16284,2178,Apr-22
North Carolina,1655,12435,1148,Apr-22
North Dakota,2128,2837,198,Apr-22
Ohio,27592,15402,1585,Apr-22
Oklahoma,14118,8899,1579,Apr-22
Oregon,17115,10539,0,Apr-22
Pennsylvania,49384,21978,59,Apr-22
Puerto Rico,4724,355,49,Apr-22
Rhode Island,1251,788,88,Apr-22
South Carolina,12404,5569,746,Apr-22
South Dakota,2693,3077,223,Apr-22
Tennessee,29042,16037,1805,Apr-22
Texas,64582,28526,4137,Apr-22
Utah,5844,4761,676,Apr-22
Vermont,1772,1897,140,Apr-22
Virgin Islands,40,4,0,Apr-22
Virginia,26441,15143,3368,Apr-22
Washington,28741,13744,4558,Apr-22
West Virginia,5647,5719,358,Apr-22
Wisconsin,20876,16225,1303,Apr-22
Wyoming,2490,2191,206,Apr-22
Alabama,26999,17011,1649,Mar-22
Alaska,3466,2992,456,Mar-22
Arizona,25129,12035,2067,Mar-22
Arkansas,10601,7085,669,Mar-22
California,43976,29658,6490,Mar-22
Colorado,23755,15419,1985,Mar-22
Connecticut,7365,2562,4358,Mar-22
Delaware,2836,1710,198,Mar-22
District of Columbia,609,15,0,Mar-22
Florida,71992,28469,5182,Mar-22
Georgia,25478,11240,949,Mar-22
Guam,212,106,18,Mar-22
Hawaii,0,0,0,Mar-22
Idaho,7679,6750,730,Mar-22
Illinois,30013,14121,1649,Mar-22
Indiana,30469,16666,2365,Mar-22
Iowa,4005,4083,201,Mar-22
Kansas,9230,6615,901,Mar-22
Kentucky,15620,11957,822,Mar-22
Louisiana,19917,8678,1231,Mar-22
Maine,5138,4686,481,Mar-22
Mariana Islands,10,13,3,Mar-22
Maryland,8955,7485,139,Mar-22
Massachusetts,7373,4314,1557,Mar-22
Michigan,30844,21167,2597,Mar-22
Minnesota,15715,14303,1340,Mar-22
Mississippi,14080,8203,667,Mar-22
Missouri,27618,20103,2688,Mar-22
Montana,5447,5453,437,Mar-22
Nebraska,176,2256,49,Mar-22
Nevada,7657,3379,482,Mar-22
New Hampshire,7570,4308,389,Mar-22
New Jersey,9276,6845,838,Mar-22
New Mexico,9068,5781,773,Mar-22
New York,12638,18735,2804,Mar-22
North Carolina,1968,17087,1563,Mar-22
North Dakota,2629,3442,224,Mar-22
Ohio,35780,18954,2044,Mar-22
Oklahoma,16924,11028,1862,Mar-22
Oregon,19399,12285,0,Mar-22
Pennsylvania,58010,25770,53,Mar-22
Puerto Rico,6095,438,74,Mar-22
Rhode Island,1614,1061,137,Mar-22
South Carolina,16840,7787,906,Mar-22
South Dakota,3120,3694,288,Mar-22
Tennessee,36454,20535,2205,Mar-22
Texas,82218,37664,5214,Mar-22
Utah,6989,5987,733,Mar-22
Vermont,2342,2188,155,Mar-22
Virgin Islands,40,4,1,Mar-22
Virginia,31656,18081,4033,Mar-22
Washington,34398,16494,5437,Mar-22
West Virginia,7318,7219,420,Mar-22
Wisconsin,26415,18554,1476,Mar-22
Wyoming,2946,2522,232,Mar-22
Alabama,21822,14541,1351,Feb-22
Alaska,2644,2178,348,Feb-22
Arizona,20150,9935,1690,Feb-22
Arkansas,7780,5756,429,Feb-22
California,36362,23017,4941,Feb-22
Colorado,19591,12402,1590,Feb-22
Connecticut,6248,1862,2845,Feb-22
Delaware,2536,1427,168,Feb-22
District of Columbia,463,13,0,Feb-22
Florida,61461,23989,4261,Feb-22
Georgia,19910,9363,809,Feb-22
Guam,161,98,17,Feb-22
Hawaii,0,0,0,Feb-22
Idaho,6309,5577,614,Feb-22
Illinois,23796,10762,1186,Feb-22
Indiana,22916,13065,1803,Feb-22
Iowa,2953,2912,133,Feb-22
Kansas,7825,5774,706,Feb-22
Kentucky,13175,9793,649,Feb-22
Louisiana,15729,7504,936,Feb-22
Maine,3873,3286,357,Feb-22
Mariana Islands,15,10,2,Feb-22
Maryland,7838,6251,142,Feb-22
Massachusetts,5625,3092,1188,Feb-22
Michigan,23315,14903,2006,Feb-22
Minnesota,12015,9786,1065,Feb-22
Mississippi,12172,7674,551,Feb-22
Missouri,21511,15343,2145,Feb-22
Montana,4348,3898,332,Feb-22
Nebraska,177,1880,30,Feb-22
Nevada,5216,2200,334,Feb-22
New Hampshire,6067,3139,281,Feb-22
New Jersey,7111,4675,729,Feb-22
New Mexico,7176,4392,552,Feb-22
New York,10153,13758,2056,Feb-22
North Carolina,1881,14517,1146,Feb-22
North Dakota,1987,2353,169,Feb-22
Ohio,24245,14659,1633,Feb-22
Oklahoma,13521,8883,1430,Feb-22
Oregon,16029,9998,0,Feb-22
Pennsylvania,50228,21323,50,Feb-22
Puerto Rico,4923,352,56,Feb-22
Rhode Island,1314,770,101,Feb-22
South Carolina,14151,6676,812,Feb-22
South Dakota,2598,2936,242,Feb-22
Tennessee,32612,17688,2030,Feb-22
Texas,66796,31364,4328,Feb-22
Utah,5539,4559,497,Feb-22
Vermont,1892,1578,99,Feb-22
Virgin Islands,56,6,0,Feb-22
Virginia,27730,15827,3433,Feb-22
Washington,21232,11858,3661,Feb-22
West Virginia,6158,5952,387,Feb-22
Wisconsin,22686,13537,1122,Feb-22
Wyoming,2473,2227,203,Feb-22
Alabama,17571,12669,1524,Jan-22
Alaska,2248,1872,393,Jan-22
Arizona,18333,8655,1775,Jan-22
Arkansas,6355,5674,498,Jan-22
California,36971,24010,5150,Jan-22
Colorado,18435,11107,1758,Jan-22
Connecticut,5790,1803,896,Jan-22
Delaware,2140,1412,189,Jan-22
District of Columbia,434,17,0,Jan-22
Florida,57833,23109,4678,Jan-22
Georgia,15651,8724,927,Jan-22
Guam,162,83,17,Jan-22
Hawaii,0,0,0,Jan-22
Idaho,5360,4418,593,Jan-22
Illinois,22564,9950,1015,Jan-22
Indiana,21402,12343,2205,Jan-22
Iowa,2307,2377,171,Jan-22
Kansas,6297,5293,779,Jan-22
Kentucky,9894,7487,634,Jan-22
Louisiana,12253,7529,1007,Jan-22
Maine,3391,2614,371,Jan-22
Mariana Islands,24,16,1,Jan-22
Maryland,7033,5700,119,Jan-22
Massachusetts,5244,2765,1126,Jan-22
Michigan,21493,13790,2372,Jan-22
Minnesota,10750,8032,1092,Jan-22
Mississippi,8048,6372,589,Jan-22
Missouri,18427,13713,2258,Jan-22
Montana,3388,3343,350,Jan-22
Nebraska,148,1647,39,Jan-22
Nevada,5878,2687,435,Jan-22
New Hampshire,5608,2922,254,Jan-22
New Jersey,7448,4914,559,Jan-22
New Mexico,6193,3740,722,Jan-22
New York,9203,12239,1802,Jan-22
North Carolina,1662,12250,1190,Jan-22
North Dakota,1682,2108,151,Jan-22
Ohio,21582,13064,1956,Jan-22
Oklahoma,12042,8262,1532,Jan-22
Oregon,14986,8682,0,Jan-22
Pennsylvania,41927,18418,16,Jan-22
Puerto Rico,4433,279,50,Jan-22
Rhode Island,1142,666,91,Jan-22
South Carolina,10143,5864,939,Jan-22
South Dakota,2191,2685,231,Jan-22
Tennessee,26275,15442,1623,Jan-22
Texas,58532,29742,4491,Jan-22
Utah,4784,3746,500,Jan-22
Vermont,1556,1384,141,Jan-22
Virgin Islands,15,3,1,Jan-22
Virginia,23681,14124,3491,Jan-22
Washington,20809,10856,3472,Jan-22
West Virginia,4547,4850,422,Jan-22
Wisconsin,17403,10674,1286,Jan-22
Wyoming,1967,1848,209,Jan-22
Alabama,30428,26932,1875,Dec-21
Alaska,3448,3216,481,Dec-21
Arizona,25636,13507,2135,Dec-21
Arkansas,11633,11675,717,Dec-21
California,46627,31488,5894,Dec-21
Colorado,24959,17729,2067,Dec-21
Connecticut,7023,2256,1063,Dec-21
Delaware,2936,2435,212,Dec-21
District of Columbia,478,8,0,Dec-21
Florida,77064,36710,5904,Dec-21
Georgia,24587,18223,1131,Dec-21
Guam,242,114,15,Dec-21
Hawaii,0,0,0,Dec-21
Idaho,9253,8389,808,Dec-21
Illinois,29123,14315,1471,Dec-21
Indiana,29183,20059,2676,Dec-21
Iowa,3190,4584,214,Dec-21
Kansas,9137,8877,868,Dec-21
Kentucky,18288,16090,866,Dec-21
Louisiana,18564,16077,1224,Dec-21
Maine,5199,5353,497,Dec-21
Mariana Islands,19,14,4,Dec-21
Maryland,8618,8842,148,Dec-21
Massachusetts,6416,3795,1147,Dec-21
Michigan,27809,22240,2853,Dec-21
Minnesota,12730,12495,1374,Dec-21
Mississippi,15182,15343,790,Dec-21
Missouri,28648,24331,2906,Dec-21
Montana,5908,6586,392,Dec-21
Nebraska,227,3307,38,Dec-21
Nevada,6773,3338,491,Dec-21
New Hampshire,7862,4217,282,Dec-21
New Jersey,6835,5940,635,Dec-21
New Mexico,9303,6090,759,Dec-21
New York,10289,20083,2149,Dec-21
North Carolina,2495,25331,1599,Dec-21
North Dakota,2316,3123,193,Dec-21
Ohio,32597,24233,2522,Dec-21
Oklahoma,19342,16152,1834,Dec-21
Oregon,20150,12759,0,Dec-21
Pennsylvania,57822,30165,28,Dec-21
Puerto Rico,5519,341,60,Dec-21
Rhode Island,1407,952,104,Dec-21
South Carolina,17118,12506,1205,Dec-21
South Dakota,2945,4466,273,Dec-21
Tennessee,42865,30049,2596,Dec-21
Texas,89626,54657,5594,Dec-21
Utah,8552,8075,605,Dec-21
Vermont,2169,2106,137,Dec-21
Virgin Islands,34,3,2,Dec-21
Virginia,33356,23898,4573,Dec-21
Washington,27276,16586,3724,Dec-21
West Virginia,8691,10447,506,Dec-21
Wisconsin,22744,15539,1416,Dec-21
Wyoming,3605,3523,283,Dec-21
Alabama,22126,21230,1319,Nov-21
Alaska,3162,3248,405,Nov-21
Arizona,20104,10905,1562,Nov-21
Arkansas,8036,10394,451,Nov-21
California,40966,29795,5177,Nov-21
Colorado,21290,16190,1581,Nov-21
Connecticut,6498,2355,1063,Nov-21
Delaware,2389,2151,169,Nov-21
District of Columbia,600,14,0,Nov-21
Florida,65666,31575,4266,Nov-21
Georgia,18064,14404,800,Nov-21
Guam,229,119,25,Nov-21
Hawaii,0,0,0,Nov-21
Idaho,7501,7729,588,Nov-21
Illinois,25791,14008,1552,Nov-21
Indiana,23950,19182,1769,Nov-21
Iowa,3157,4961,189,Nov-21
Kansas,7761,8310,607,Nov-21
Kentucky,13586,14178,587,Nov-21
Louisiana,14553,14437,974,Nov-21
Maine,3977,5350,342,Nov-21
Mariana Islands,21,12,3,Nov-21
Maryland,7664,8488,136,Nov-21
Massachusetts,5827,3635,1101,Nov-21
Michigan,24295,25535,1968,Nov-21
Minnesota,12307,13742,1123,Nov-21
Mississippi,10948,12904,528,Nov-21
Missouri,22588,22189,1965,Nov-21
Montana,4444,5852,335,Nov-21
Nebraska,244,3041,33,Nov-21
Nevada,5504,2746,350,Nov-21
New Hampshire,5987,3781,203,Nov-21
New Jersey,7363,6285,612,Nov-21
New Mexico,7177,5056,545,Nov-21
New York,9302,19645,1888,Nov-21
North Carolina,2142,20952,1094,Nov-21
North Dakota,2023,3262,167,Nov-21
Ohio,26580,24593,1942,Nov-21
Oklahoma,15436,14390,1288,Nov-21
Oregon,17374,12000,0,Nov-21
Pennsylvania,47708,29011,25,Nov-21
Puerto Rico,5704,356,44,Nov-21
Rhode Island,1375,867,102,Nov-21
South Carolina,13038,10150,742,Nov-21
South Dakota,2698,4569,226,Nov-21
Tennessee,33337,24647,2018,Nov-21
Texas,70441,44916,3960,Nov-21
Utah,6616,6972,477,Nov-21
Vermont,1484,1957,117,Nov-21
Virgin Islands,37,3,1,Nov-21
Virginia,28367,21788,3682,Nov-21
Washington,20304,14405,3092,Nov-21
West Virginia,6431,9913,303,Nov-21
Wisconsin,21011,17606,1151,Nov-21
Wyoming,2816,3220,193,Nov-21
Alabama,19188,15531,1309,Oct-21
Alaska,3242,3222,340,Oct-21
Arizona,18744,10232,1561,Oct-21
Arkansas,7360,7994,488,Oct-21
California,40185,28159,5364,Oct-21
Colorado,19992,15443,1553,Oct-21
Connecticut,6600,2211,1017,Oct-21
Delaware,2421,1786,169,Oct-21
District of Columbia,391,9,0,Oct-21
Florida,63090,26371,4562,Oct-21
Georgia,17037,11458,736,Oct-21
Guam,254,119,20,Oct-21
Hawaii,0,0,0,Oct-21
Idaho,6313,7018,586,Oct-21
Illinois,24172,12375,1311,Oct-21
Indiana,21585,15646,1904,Oct-21
Iowa,2701,3877,127,Oct-21
Kansas,6894,6529,660,Oct-21
Kentucky,11884,10975,625,Oct-21
Louisiana,13922,11617,965,Oct-21
Maine,4023,6684,310,Oct-21
Mariana Islands,11,16,2,Oct-21
Maryland,7387,7212,190,Oct-21
Massachusetts,5845,3584,1137,Oct-21
Michigan,23230,22133,2023,Oct-21
Minnesota,12235,17984,1092,Oct-21
Mississippi,9416,8429,513,Oct-21
Missouri,20788,19311,2012,Oct-21
Montana,4398,7033,286,Oct-21
Nebraska,154,2443,26,Oct-21
Nevada,5591,2812,368,Oct-21
New Hampshire,6058,4240,225,Oct-21
New Jersey,7463,5646,617,Oct-21
New Mexico,6893,4845,594,Oct-21
New York,9842,19469,1999,Oct-21
North Carolina,1629,16638,1196,Oct-21
North Dakota,2040,4154,164,Oct-21
Ohio,23158,18255,1983,Oct-21
Oklahoma,12742,10459,1186,Oct-21
Oregon,16364,11536,0,Oct-21
Pennsylvania,50185,25812,22,Oct-21
Puerto Rico,5653,321,60,Oct-21
Rhode Island,1227,812,88,Oct-21
South Carolina,11714,8052,726,Oct-21
South Dakota,2465,5863,233,Oct-21
Tennessee,30555,19445,1856,Oct-21
Texas,67440,38737,4157,Oct-21
Utah,5301,5380,430,Oct-21
Vermont,1726,2287,102,Oct-21
Virgin Islands,50,1,0,Oct-21
Virginia,26469,18466,3477,Oct-21
Washington,20684,15051,3115,Oct-21
West Virginia,5589,7192,347,Oct-21
Wisconsin,20452,17955,1102,Oct-21
Wyoming,2127,2920,162,Oct-21
Alabama,18034,15390,1365,Sep-21
Alaska,2497,3094,310,Sep-21
Arizona,18406,10477,1769,Sep-21
Arkansas,6946,6783,495,Sep-21
California,37842,27880,6190,Sep-21
Colorado,19018,14169,1696,Sep-21
Connecticut,5798,1894,881,Sep-21
Delaware,2032,1624,148,Sep-21
District of Columbia,340,3,0,Sep-21
Florida,59728,25555,5125,Sep-21
Georgia,16398,10300,885,Sep-21
Guam,252,102,23,Sep-21
Hawaii,0,0,0,Sep-21
Idaho,5786,6826,561,Sep-21
Illinois,22461,11566,1287,Sep-21
Indiana,20859,14814,1857,Sep-21
Iowa,2379,3058,128,Sep-21
Kansas,6240,5887,665,Sep-21
Kentucky,10921,9383,586,Sep-21
Louisiana,11884,9985,852,Sep-21
Maine,4036,6058,355,Sep-21
Mariana Islands,28,23,2,Sep-21
Maryland,7196,6536,140,Sep-21
Massachusetts,5954,3487,1065,Sep-21
Michigan,22956,21452,2140,Sep-21
Minnesota,11308,16661,1107,Sep-21
Mississippi,8757,7648,510,Sep-21
Missouri,19206,16266,2007,Sep-21
Montana,4194,5625,326,Sep-21
Nebraska,129,2084,30,Sep-21
Nevada,5782,2918,407,Sep-21
New Hampshire,5960,3950,189,Sep-21
New Jersey,8029,5452,599,Sep-21
New Mexico,7152,4891,632,Sep-21
New York,9509,19378,2238,Sep-21
North Carolina,1589,15434,1274,Sep-21
North Dakota,1873,3354,165,Sep-21
Ohio,21142,16111,1695,Sep-21
Oklahoma,11870,9528,1309,Sep-21
Oregon,15708,11018,0,Sep-21
Pennsylvania,44601,22537,34,Sep-21
Puerto Rico,4770,332,53,Sep-21
Rhode Island,1176,846,95,Sep-21
South Carolina,11082,7705,933,Sep-21
South Dakota,2334,4012,228,Sep-21
Tennessee,27447,17916,1668,Sep-21
Texas,71702,41561,4300,Sep-21
Utah,5008,5004,509,Sep-21
Vermont,1665,2027,120,Sep-21
Virgin Islands,39,2,0,Sep-21
Virginia,23679,16736,3504,Sep-21
Washington,20879,14609,3222,Sep-21
West Virginia,5201,5922,322,Sep-21
Wisconsin,19515,16054,1209,Sep-21
Wyoming,2161,2747,170,Sep-21
Alabama,18820,14786,1380,Aug-21
Alaska,2847,3183,275,Aug-21
Arizona,18697,10195,1685,Aug-21
Arkansas,7146,6052,470,Aug-21
California,41275,28433,5995,Aug-21
Colorado,19708,13900,1582,Aug-21
Connecticut,6087,1841,886,Aug-21
Delaware,2319,1679,167,Aug-21
District of Columbia,336,4,0,Aug-21
Florida,61168,24363,5238,Aug-21
Georgia,17598,9517,858,Aug-21
Guam,260,113,25,Aug-21
Hawaii,0,0,0,Aug-21
Idaho,5986,6115,516,Aug-21
Illinois,26981,12930,1456,Aug-21
Indiana,21769,13831,1786,Aug-21
Iowa,2760,2670,96,Aug-21
Kansas,6215,5631,612,Aug-21
Kentucky,10896,8616,587,Aug-21
Louisiana,12190,8107,930,Aug-21
Maine,3684,4160,310,Aug-21
Mariana Islands,14,11,2,Aug-21
Maryland,8095,6372,157,Aug-21
Massachusetts,6392,3853,1045,Aug-21
Michigan,23032,17613,1962,Aug-21
Minnesota,12504,14381,1108,Aug-21
Mississippi,10370,8178,493,Aug-21
Missouri,19196,15047,1815,Aug-21
Montana,4047,4825,311,Aug-21
Nebraska,152,1815,32,Aug-21
Nevada,5971,2983,413,Aug-21
New Hampshire,5885,3454,139,Aug-21
New Jersey,9533,5765,660,Aug-21
New Mexico,7030,4726,586,Aug-21
New York,9863,16400,2109,Aug-21
North Carolina,1541,14143,1158,Aug-21
North Dakota,1788,2977,144,Aug-21
Ohio,21249,15507,1483,Aug-21
Oklahoma,11608,9208,1196,Aug-21
Oregon,15867,10328,0,Aug-21
Pennsylvania,47491,21938,16,Aug-21
Puerto Rico,4607,367,59,Aug-21
Rhode Island,1189,740,62,Aug-21
South Carolina,11509,7043,779,Aug-21
South Dakota,2347,3456,206,Aug-21
Tennessee,29364,18154,1745,Aug-21
Texas,64118,37508,3965,Aug-21
Utah,4844,4489,435,Aug-21
Vermont,1751,1645,117,Aug-21
Virgin Islands,26,5,0,Aug-21
Virginia,25669,15787,3516,Aug-21
Washington,19933,12733,2886,Aug-21
West Virginia,5145,5520,348,Aug-21
Wisconsin,19353,14271,1070,Aug-21
Wyoming,2208,2442,160,Aug-21
Alabama,19797,12683,1507,Jul-21
Alaska,2995,2571,309,Jul-21
Arizona,19751,9213,1836,Jul-21
Arkansas,7143,4681,472,Jul-21
California,41996,26036,5945,Jul-21
Colorado,19230,12186,1582,Jul-21
Connecticut,5337,1421,784,Jul-21
Delaware,2322,1458,182,Jul-21
District of Columbia,308,4,0,Jul-21
Florida,62995,22918,5349,Jul-21
Georgia,18840,8330,918,Jul-21
Guam,266,103,26,Jul-21
Hawaii,0,0,0,Jul-21
Idaho,5639,4885,536,Jul-21
Illinois,38557,15385,1605,Jul-21
Indiana,21274,11190,1668,Jul-21
Iowa,4092,2092,87,Jul-21
Kansas,6111,4473,591,Jul-21
Kentucky,11047,7299,558,Jul-21
Louisiana,15119,6962,1038,Jul-21
Maine,3851,3795,326,Jul-21
Mariana Islands,10,12,2,Jul-21
Maryland,8101,5770,101,Jul-21
Massachusetts,6476,3384,1202,Jul-21
Michigan,24053,14844,1998,Jul-21
Minnesota,11686,9964,1177,Jul-21
Mississippi,9899,5425,509,Jul-21
Missouri,20008,13122,1936,Jul-21
Montana,3919,4022,271,Jul-21
Nebraska,169,1494,26,Jul-21
Nevada,5666,2580,427,Jul-21
New Hampshire,5710,3525,165,Jul-21
New Jersey,9720,5090,594,Jul-21
New Mexico,7000,4250,659,Jul-21
New York,10045,14329,2186,Jul-21
North Carolina,1670,12991,1243,Jul-21
North Dakota,1722,2263,133,Jul-21
Ohio,22251,13383,1546,Jul-21
Oklahoma,12733,7926,1335,Jul-21
Oregon,15698,8712,0,Jul-21
Pennsylvania,46698,19944,28,Jul-21
Puerto Rico,5074,348,57,Jul-21
Rhode Island,1156,711,85,Jul-21
South Carolina,12041,6028,848,Jul-21
South Dakota,2333,2735,204,Jul-21
Tennessee,31906,15260,1650,Jul-21
Texas,65203,29692,4281,Jul-21
Utah,5015,3872,428,Jul-21
Vermont,1836,1565,130,Jul-21
Virgin Islands,61,3,1,Jul-21
Virginia,26346,14418,3568,Jul-21
Washington,19416,11471,3098,Jul-21
West Virginia,5300,5091,329,Jul-21
Wisconsin,18964,10888,1156,Jul-21
Wyoming,2134,2126,159,Jul-21
Alabama,21625,13805,1448,Jun-21
Alaska,2964,2388,279,Jun-21
Arizona,19608,8998,1809,Jun-21
Arkansas,7606,4729,450,Jun-21
California,42689,28180,7523,Jun-21
Colorado,19416,11932,1666,Jun-21
Connecticut,6971,1961,1205,Jun-21
Delaware,2586,1319,208,Jun-21
District of Columbia,309,10,0,Jun-21
Florida,65835,23329,5551,Jun-21
Georgia,21732,8638,937,Jun-21
Guam,232,122,27,Jun-21
Hawaii,0,0,0,Jun-21
Idaho,5730,4946,548,Jun-21
Illinois,24191,9377,0,Jun-21
Indiana,21193,10780,1592,Jun-21
Iowa,174,1964,37,Jun-21
Kansas,6351,4578,588,Jun-21
Kentucky,11034,6804,510,Jun-21
Louisiana,16491,6995,1096,Jun-21
Maine,3645,3143,331,Jun-21
Mariana Islands,14,15,0,Jun-21
Maryland,7909,5525,127,Jun-21
Massachusetts,6062,2966,1010,Jun-21
Michigan,24641,14734,2039,Jun-21
Minnesota,12119,9001,1021,Jun-21
Mississippi,10684,5523,565,Jun-21
Missouri,20234,12466,1890,Jun-21
Montana,3972,3918,268,Jun-21
Nebraska,146,1381,26,Jun-21
Nevada,6128,2676,451,Jun-21
New Hampshire,5409,2986,132,Jun-21
New Jersey,11220,5370,752,Jun-21
New Mexico,6867,4181,657,Jun-21
New York,10062,13400,2261,Jun-21
North Carolina,1673,12788,1269,Jun-21
North Dakota,1721,2227,149,Jun-21
Ohio,23534,12963,1335,Jun-21
Oklahoma,12794,7442,1285,Jun-21
Oregon,15593,9235,0,Jun-21
Pennsylvania,46571,19100,29,Jun-21
Puerto Rico,5527,359,81,Jun-21
Rhode Island,1160,729,66,Jun-21
South Carolina,13662,6023,851,Jun-21
South Dakota,2222,2454,179,Jun-21
Tennessee,30015,14389,1712,Jun-21
Texas,71295,30634,4550,Jun-21
Utah,4761,3695,444,Jun-21
Vermont,1669,1377,138,Jun-21
Virgin Islands,52,8,0,Jun-21
Virginia,26685,14348,3645,Jun-21
Washington,20813,11547,3137,Jun-21
West Virginia,4876,4355,290,Jun-21
Wisconsin,17881,10460,992,Jun-21
Wyoming,2071,2057,156,Jun-21
Alabama,21664,12423,1334,May-21
Alaska,3368,2701,323,May-21
Arizona,20984,9259,1676,May-21
Arkansas,8501,5072,422,May-21
California,40160,25824,5576,May-21
Colorado,21819,12848,1987,May-21
Connecticut,7935,2012,1288,May-21
Delaware,3096,1325,172,May-21
District of Columbia,354,11,0,May-21
Florida,65295,22922,4934,May-21
Georgia,23243,8801,873,May-21
Guam,232,105,25,May-21
Hawaii,0,0,0,May-21
Idaho,6539,5208,544,May-21
Illinois,25210,9855,0,May-21
Indiana,22724,11629,1660,May-21
Iowa,199,2290,35,May-21
Kansas,7043,4971,736,May-21
Kentucky,11863,7497,520,May-21
Louisiana,16067,7157,1065,May-21
Maine,3756,3362,309,May-21
Mariana Islands,11,8,2,May-21
Maryland,8497,5810,146,May-21
Massachusetts,5803,2840,1161,May-21
Michigan,26243,15258,2004,May-21
Minnesota,13713,9921,1244,May-21
Mississippi,11779,5751,516,May-21
Missouri,22598,14505,1992,May-21
Montana,4614,4411,336,May-21
Nebraska,172,1472,29,May-21
Nevada,7215,2999,480,May-21
New Hampshire,6182,3210,142,May-21
New Jersey,13096,5789,828,May-21
New Mexico,7437,4429,662,May-21
New York,10643,14212,2401,May-21
North Carolina,1739,13357,1283,May-21
North Dakota,2155,2484,150,May-21
Ohio,26043,13075,1345,May-21
Oklahoma,13674,8126,1336,May-21
Oregon,16748,9555,0,May-21
Pennsylvania,48158,19442,32,May-21
Puerto Rico,5621,390,84,May-21
Rhode Island,1235,709,80,May-21
South Carolina,14208,5776,775,May-21
South Dakota,2718,2865,281,May-21
Tennessee,31082,14602,1634,May-21
Texas,72175,32613,4744,May-21
Utah,5747,4115,472,May-21
Vermont,1805,1473,125,May-21
Virgin Islands,44,3,0,May-21
Virginia,26658,13588,3489,May-21
Washington,21429,11338,3371,May-21
West Virginia,5425,4682,271,May-21
Wisconsin,20008,11321,1141,May-21
Wyoming,2587,2200,207,May-21
Alabama,28723,16905,1962,Apr-21
Alaska,4156,3687,533,Apr-21
Arizona,27833,12248,2326,Apr-21
Arkansas,10942,7366,600,Apr-21
California,44095,30019,7117,Apr-21
Colorado,27130,16132,2436,Apr-21
Connecticut,8229,2214,1915,Apr-21
Delaware,4546,1797,248,Apr-21
District of Columbia,367,5,0,Apr-21
Florida,79583,30218,6345,Apr-21
Georgia,29441,11605,1256,Apr-21
Guam,227,88,34,Apr-21
Hawaii,0,0,0,Apr-21
Idaho,8381,6644,892,Apr-21
Illinois,30084,12523,0,Apr-21
Indiana,29792,16385,2400,Apr-21
Iowa,283,2900,66,Apr-21
Kansas,9185,6492,890,Apr-21
Kentucky,16555,11347,742,Apr-21
Louisiana,19881,9348,1424,Apr-21
Maine,5376,4476,558,Apr-21
Mariana Islands,9,7,1,Apr-21
Maryland,10753,7293,143,Apr-21
Massachusetts,8008,3811,1417,Apr-21
Michigan,34820,20687,2997,Apr-21
Minnesota,19432,13989,1807,Apr-21
Mississippi,16031,7950,839,Apr-21
Missouri,26961,18774,2755,Apr-21
Montana,5848,5544,448,Apr-21
Nebraska,248,1993,44,Apr-21
Nevada,8677,3658,619,Apr-21
New Hampshire,8099,4548,139,Apr-21
New Jersey,15954,7827,1058,Apr-21
New Mexico,9826,6315,852,Apr-21
New York,12170,18513,3304,Apr-21
North Carolina,1936,17807,1642,Apr-21
North Dakota,2998,3434,240,Apr-21
Ohio,34710,18884,1928,Apr-21
Oklahoma,17709,10919,2298,Apr-21
Oregon,20560,11400,0,Apr-21
Pennsylvania,62389,25486,39,Apr-21
Puerto Rico,5206,354,80,Apr-21
Rhode Island,1722,1040,150,Apr-21
South Carolina,17866,7696,1061,Apr-21
South Dakota,3826,3701,335,Apr-21
Tennessee,39652,19833,2036,Apr-21
Texas,79802,39265,5959,Apr-21
Utah,7585,5343,623,Apr-21
Vermont,2313,2279,243,Apr-21
Virgin Islands,44,3,0,Apr-21
Virginia,34633,17980,4395,Apr-21
Washington,28469,14987,4445,Apr-21
West Virginia,7787,6748,466,Apr-21
Wisconsin,27652,15672,1661,Apr-21
Wyoming,3443,3105,296,Apr-21
Alabama,34675,20702,2048,Mar-21
Alaska,4375,4186,590,Mar-21
Arizona,32738,15268,2497,Mar-21
Arkansas,15039,9815,723,Mar-21
California,50271,35334,7327,Mar-21
Colorado,31050,19529,2771,Mar-21
Connecticut,8811,2590,2221,Mar-21
Delaware,3994,2056,226,Mar-21
District of Columbia,409,5,0,Mar-21
Florida,91131,33936,6429,Mar-21
Georgia,36123,14431,1313,Mar-21
Guam,270,108,16,Mar-21
Hawaii,0,0,0,Mar-21
Idaho,10546,8550,951,Mar-21
Illinois,35699,16114,0,Mar-21
Indiana,36403,19692,2543,Mar-21
Iowa,314,3905,72,Mar-21
Kansas,12516,8543,1107,Mar-21
Kentucky,21777,14505,911,Mar-21
Louisiana,24021,11351,1624,Mar-21
Maine,6795,5590,577,Mar-21
Mariana Islands,18,7,3,Mar-21
Maryland,12103,8531,183,Mar-21
Massachusetts,8683,4150,1633,Mar-21
Michigan,41979,24546,3411,Mar-21
Minnesota,21643,16144,1881,Mar-21
Mississippi,19386,10388,870,Mar-21
Missouri,36589,24048,3145,Mar-21
Montana,7144,6774,527,Mar-21
Nebraska,282,2667,33,Mar-21
Nevada,9310,3953,526,Mar-21
New Hampshire,9949,5075,243,Mar-21
New Jersey,15643,7663,1025,Mar-21
New Mexico,11694,7378,997,Mar-21
New York,14211,21691,3916,Mar-21
North Carolina,2461,22751,1857,Mar-21
North Dakota,3640,4061,259,Mar-21
Ohio,42665,23081,2175,Mar-21
Oklahoma,22079,13712,2194,Mar-21
Oregon,23731,13927,0,Mar-21
Pennsylvania,74896,30420,49,Mar-21
Puerto Rico,4296,271,72,Mar-21
Rhode Island,2231,1389,154,Mar-21
South Carolina,23615,10083,1146,Mar-21
South Dakota,5016,5071,381,Mar-21
Tennessee,46941,25205,2628,Mar-21
Texas,95320,47817,6098,Mar-21
Utah,9765,6818,739,Mar-21
Vermont,2967,2511,215,Mar-21
Virgin Islands,51,6,1,Mar-21
Virginia,42816,22192,5093,Mar-21
Washington,29172,16595,4807,Mar-21
West Virginia,10610,9063,500,Mar-21
Wisconsin,33440,18939,1894,Mar-21
Wyoming,4004,3635,260,Mar-21
Alabama,20970,16026,1548,Feb-21
Alaska,3055,2564,375,Feb-21
Arizona,20530,9991,1754,Feb-21
Arkansas,7068,5289,448,Feb-21
California,40789,27915,6499,Feb-21
Colorado,21729,13839,1960,Feb-21
Connecticut,6046,1996,1438,Feb-21
Delaware,2775,1563,158,Feb-21
District of Columbia,304,4,0,Feb-21
Florida,66307,26720,5116,Feb-21
Georgia,21523,10215,1122,Feb-21
Guam,190,70,34,Feb-21
Hawaii,0,0,0,Feb-21
Idaho,6973,5631,762,Feb-21
Illinois,24290,11338,0,Feb-21
Indiana,25161,14378,2063,Feb-21
Iowa,204,2462,65,Feb-21
Kansas,7573,5810,865,Feb-21
Kentucky,12171,8806,609,Feb-21
Louisiana,13373,7560,1094,Feb-21
Maine,4167,3357,416,Feb-21
Mariana Islands,10,2,3,Feb-21
Maryland,9199,6777,136,Feb-21
Massachusetts,6856,3385,1181,Feb-21
Michigan,28567,17556,2545,Feb-21
Minnesota,15446,10501,1380,Feb-21
Mississippi,9386,6389,573,Feb-21
Missouri,21819,16008,2157,Feb-21
Montana,4301,3920,408,Feb-21
Nebraska,236,1739,36,Feb-21
Nevada,6884,3079,473,Feb-21
New Hampshire,7071,3428,248,Feb-21
New Jersey,12782,6457,806,Feb-21
New Mexico,7799,4700,658,Feb-21
New York,10259,15690,3263,Feb-21
North Carolina,2128,15798,1387,Feb-21
North Dakota,2353,2572,206,Feb-21
Ohio,28134,16727,1730,Feb-21
Oklahoma,12984,8793,1467,Feb-21
Oregon,16296,9940,0,Feb-21
Pennsylvania,54737,22421,40,Feb-21
Puerto Rico,3411,231,54,Feb-21
Rhode Island,1889,1034,151,Feb-21
South Carolina,15041,7521,910,Feb-21
South Dakota,3654,3939,375,Feb-21
Tennessee,29633,17566,1760,Feb-21
Texas,53772,27829,4217,Feb-21
Utah,6423,4559,538,Feb-21
Vermont,1965,1571,179,Feb-21
Virgin Islands,48,4,0,Feb-21
Virginia,29404,16798,3930,Feb-21
Washington,24100,12681,3761,Feb-21
West Virginia,6478,6160,347,Feb-21
Wisconsin,20757,12376,1180,Feb-21
Wyoming,2724,2320,226,Feb-21
Alabama,33563,23477,2309,Jan-21
Alaska,3989,3574,563,Jan-21
Arizona,29336,14430,2339,Jan-21
Arkansas,11993,10043,715,Jan-21
California,55103,36179,6807,Jan-21
Colorado,30172,18855,2702,Jan-21
Connecticut,8832,3192,2220,Jan-21
Delaware,4275,2391,234,Jan-21
District of Columbia,357,8,0,Jan-21
Florida,97406,40173,6686,Jan-21
Georgia,33178,16797,1596,Jan-21
Guam,161,84,45,Jan-21
Hawaii,0,0,0,Jan-21
Idaho,11036,8507,1045,Jan-21
Illinois,35848,17817,0,Jan-21
Indiana,37237,22732,3005,Jan-21
Iowa,304,4155,98,Jan-21
Kansas,12023,9512,1180,Jan-21
Kentucky,20728,15271,982,Jan-21
Louisiana,19621,13155,1534,Jan-21
Maine,6644,5230,582,Jan-21
Mariana Islands,13,9,0,Jan-21
Maryland,12312,10732,137,Jan-21
Massachusetts,9873,5021,1676,Jan-21
Michigan,44266,28699,3878,Jan-21
Minnesota,20206,14259,1803,Jan-21
Mississippi,15048,11420,847,Jan-21
Missouri,34178,24308,3423,Jan-21
Montana,6523,6292,561,Jan-21
Nebraska,340,2947,58,Jan-21
Nevada,9181,4325,529,Jan-21
New Hampshire,11034,5624,465,Jan-21
New Jersey,17347,9596,1020,Jan-21
New Mexico,9617,6511,870,Jan-21
New York,12143,25221,4447,Jan-21
North Carolina,2814,25266,1994,Jan-21
North Dakota,3664,3854,261,Jan-21
Ohio,45379,26775,2405,Jan-21
Oklahoma,21729,15182,2581,Jan-21
Oregon,24459,14997,0,Jan-21
Pennsylvania,81592,32671,41,Jan-21
Puerto Rico,3463,258,72,Jan-21
Rhode Island,2279,1421,188,Jan-21
South Carolina,20417,11129,1278,Jan-21
South Dakota,5326,5011,530,Jan-21
Tennessee,46194,29203,2727,Jan-21
Texas,84022,47149,6067,Jan-21
Utah,9840,6964,746,Jan-21
Vermont,3005,2523,236,Jan-21
Virgin Islands,58,5,0,Jan-21
Virginia,41711,23650,5208,Jan-21
Washington,30106,17179,4843,Jan-21
West Virginia,10142,9708,565,Jan-21
Wisconsin,30495,16304,1797,Jan-21
Wyoming,4039,3697,338,Jan-21
Alabama,31103,28933,1855,Dec-20
Alaska,3658,3822,430,Dec-20
Arizona,25093,14562,1942,Dec-20
Arkansas,10987,12719,587,Dec-20
California,59909,39389,6932,Dec-20
Colorado,25577,19716,2132,Dec-20
Connecticut,6741,2694,1682,Dec-20
Delaware,3281,2610,200,Dec-20
District of Columbia,322,17,0,Dec-20
Florida,81564,40115,5594,Dec-20
Georgia,28405,20236,1326,Dec-20
Guam,182,71,22,Dec-20
Hawaii,0,0,0,Dec-20
Idaho,9354,9550,809,Dec-20
Illinois,29133,16557,0,Dec-20
Indiana,30336,21852,2192,Dec-20
Iowa,312,4678,70,Dec-20
Kansas,9708,9941,893,Dec-20
Kentucky,19170,17438,765,Dec-20
Louisiana,19311,18379,1465,Dec-20
Maine,5001,5320,434,Dec-20
Mariana Islands,13,11,5,Dec-20
Maryland,10338,9565,407,Dec-20
Massachusetts,7790,3882,1067,Dec-20
Michigan,33647,29180,3121,Dec-20
Minnesota,15976,14943,1658,Dec-20
Mississippi,14651,16554,709,Dec-20
Missouri,29358,26348,2683,Dec-20
Montana,5858,7265,405,Dec-20
Nebraska,297,3662,39,Dec-20
Nevada,8205,4599,481,Dec-20
New Hampshire,7660,4811,285,Dec-20
New Jersey,12667,7473,794,Dec-20
New Mexico,8979,6931,752,Dec-20
New York,10486,24664,3145,Dec-20
North Carolina,2647,28052,1607,Dec-20
North Dakota,2784,4076,217,Dec-20
Ohio,33723,27057,1804,Dec-20
Oklahoma,18791,17433,2045,Dec-20
Oregon,21533,16161,0,Dec-20
Pennsylvania,62948,29262,41,Dec-20
Puerto Rico,3569,241,72,Dec-20
Rhode Island,1794,1081,110,Dec-20
South Carolina,17908,13367,1011,Dec-20
South Dakota,4259,5814,382,Dec-20
Tennessee,40019,32201,2195,Dec-20
Texas,79774,58650,5211,Dec-20
Utah,9296,9136,695,Dec-20
Vermont,2351,2413,174,Dec-20
Virgin Islands,44,3,1,Dec-20
Virginia,36502,26668,4634,Dec-20
Washington,27422,18368,4047,Dec-20
West Virginia,8706,10939,412,Dec-20
Wisconsin,23321,17480,1537,Dec-20
Wyoming,3998,4137,280,Dec-20
Alabama,27765,25924,1931,Nov-20
Alaska,3474,3878,461,Nov-20
Arizona,25906,14698,2157,Nov-20
Arkansas,10069,12954,599,Nov-20
California,56793,37256,7391,Nov-20
Colorado,27091,20410,2421,Nov-20
Connecticut,7253,2986,2115,Nov-20
Delaware,3863,2777,198,Nov-20
District of Columbia,332,11,0,Nov-20
Florida,84366,40575,6090,Nov-20
Georgia,28102,19042,1358,Nov-20
Guam,205,99,32,Nov-20
Hawaii,0,0,0,Nov-20
Idaho,8946,9372,892,Nov-20
Illinois,29335,17557,0,Nov-20
Indiana,29416,24425,2231,Nov-20
Iowa,365,5751,84,Nov-20
Kansas,10569,10435,981,Nov-20
Kentucky,16578,17091,806,Nov-20
Louisiana,17819,18448,1507,Nov-20
Maine,4801,6062,436,Nov-20
Mariana Islands,10,3,0,Nov-20
Maryland,10864,11038,764,Nov-20
Massachusetts,8817,4397,1216,Nov-20
Michigan,35190,35065,2866,Nov-20
Minnesota,16316,17448,1506,Nov-20
Mississippi,12893,15003,757,Nov-20
Missouri,27413,27727,2932,Nov-20
Montana,5060,6609,418,Nov-20
Nebraska,380,4117,45,Nov-20
Nevada,9055,4507,548,Nov-20
New Hampshire,9055,5356,248,Nov-20
New Jersey,13826,8053,869,Nov-20
New Mexico,7277,5495,715,Nov-20
New York,10393,28951,3768,Nov-20
North Carolina,2770,28807,1852,Nov-20
North Dakota,2738,4153,211,Nov-20
Ohio,37382,32959,2122,Nov-20
Oklahoma,18163,16961,1890,Nov-20
Oregon,21990,15648,0,Nov-20
Pennsylvania,75428,34686,29,Nov-20
Puerto Rico,2883,217,60,Nov-20
Rhode Island,2033,1419,158,Nov-20
South Carolina,19010,13569,1136,Nov-20
South Dakota,4302,6560,362,Nov-20
Tennessee,37467,31625,2298,Nov-20
Texas,78827,56265,5504,Nov-20
Utah,9582,9044,764,Nov-20
Vermont,2104,2445,217,Nov-20
Virgin Islands,37,4,0,Nov-20
Virginia,35909,26638,4874,Nov-20
Washington,27563,18592,4350,Nov-20
West Virginia,8086,11767,483,Nov-20
Wisconsin,25742,21825,1596,Nov-20
Wyoming,3685,4452,308,Nov-20
Alabama,24084,17964,1698,Oct-20
Alaska,3209,3210,348,Oct-20
Arizona,24964,12288,1951,Oct-20
Arkansas,8931,9386,567,Oct-20
California,65376,40286,8319,Oct-20
Colorado,25802,17699,2102,Oct-20
Connecticut,6821,2764,1785,Oct-20
Delaware,3951,2489,188,Oct-20
District of Columbia,470,11,0,Oct-20
Florida,83816,32346,5782,Oct-20
Georgia,26383,14710,1145,Oct-20
Guam,221,88,32,Oct-20
Hawaii,0,0,0,Oct-20
Idaho,7439,8153,613,Oct-20
Illinois,28277,14905,0,Oct-20
Indiana,27979,18181,2216,Oct-20
Iowa,218,4151,50,Oct-20
Kansas,8659,7551,814,Oct-20
Kentucky,15816,12804,763,Oct-20
Louisiana,15180,13153,1312,Oct-20
Maine,5087,8215,375,Oct-20
Mariana Islands,15,12,1,Oct-20
Maryland,10843,9873,159,Oct-20
Massachusetts,8354,4364,1112,Oct-20
Michigan,34940,28266,2745,Oct-20
Minnesota,16941,20404,1317,Oct-20
Mississippi,10982,10229,655,Oct-20
Missouri,25340,22636,2386,Oct-20
Montana,4429,7087,374,Oct-20
Nebraska,234,2960,30,Oct-20
Nevada,8764,3693,496,Oct-20
New Hampshire,7906,5243,177,Oct-20
New Jersey,13275,7171,851,Oct-20
New Mexico,7814,5189,674,Oct-20
New York,10541,28281,3588,Oct-20
North Carolina,2421,21403,1663,Oct-20
North Dakota,2326,4589,158,Oct-20
Ohio,35332,23048,1962,Oct-20
Oklahoma,14860,11904,1513,Oct-20
Oregon,22277,14255,0,Oct-20
Pennsylvania,73607,29581,45,Oct-20
Puerto Rico,3714,252,65,Oct-20
Rhode Island,2143,1359,143,Oct-20
South Carolina,17032,10168,1035,Oct-20
South Dakota,3537,6336,243,Oct-20
Tennessee,33275,22568,1973,Oct-20
Texas,72591,44620,5042,Oct-20
Utah,7356,6378,590,Oct-20
Vermont,2139,2723,176,Oct-20
Virgin Islands,37,4,0,Oct-20
Virginia,37867,22986,4606,Oct-20
Washington,26765,17191,4170,Oct-20
West Virginia,6934,8559,398,Oct-20
Wisconsin,26028,19720,1353,Oct-20
Wyoming,2616,3207,210,Oct-20
Alabama,23455,17369,1633,Sep-20
Alaska,3275,3333,345,Sep-20
Arizona,23996,12094,1963,Sep-20
Arkansas,9214,8003,505,Sep-20
California,61258,36638,7815,Sep-20
Colorado,24260,15873,1919,Sep-20
Connecticut,6101,2284,1443,Sep-20
Delaware,3501,1909,176,Sep-20
District of Columbia,531,11,0,Sep-20
Florida,76685,29317,5523,Sep-20
Georgia,24175,12797,1112,Sep-20
Guam,150,54,35,Sep-20
Hawaii,0,0,0,Sep-20
Idaho,7297,7426,629,Sep-20
Illinois,27645,13848,0,Sep-20
Indiana,26530,15978,1955,Sep-20
Iowa,227,3541,56,Sep-20
Kansas,7897,6489,662,Sep-20
Kentucky,16006,10674,715,Sep-20
Louisiana,15581,12661,1283,Sep-20
Maine,4758,6249,373,Sep-20
Mariana Islands,14,11,2,Sep-20
Maryland,9575,8547,282,Sep-20
Massachusetts,6889,3754,878,Sep-20
Michigan,32590,25496,2391,Sep-20
Minnesota,16169,19127,1292,Sep-20
Mississippi,10668,8825,651,Sep-20
Missouri,24614,17708,2216,Sep-20
Montana,4903,6148,319,Sep-20
Nebraska,127,2362,23,Sep-20
Nevada,8773,3700,505,Sep-20
New Hampshire,6974,4420,189,Sep-20
New Jersey,12591,7274,735,Sep-20
New Mexico,7960,5067,709,Sep-20
New York,9928,25663,3370,Sep-20
North Carolina,2274,19325,1531,Sep-20
North Dakota,2339,3879,134,Sep-20
Ohio,32432,19759,1717,Sep-20
Oklahoma,14820,11176,1500,Sep-20
Oregon,20804,13091,0,Sep-20
Pennsylvania,68109,25277,46,Sep-20
Puerto Rico,2560,261,64,Sep-20
Rhode Island,2001,1165,133,Sep-20
South Carolina,14993,9264,915,Sep-20
South Dakota,3588,4621,200,Sep-20
Tennessee,31341,19732,1661,Sep-20
Texas,68804,46463,4888,Sep-20
Utah,6762,5896,529,Sep-20
Vermont,1973,2380,147,Sep-20
Virgin Islands,34,1,0,Sep-20
Virginia,31327,19565,4105,Sep-20
Washington,26363,15035,4062,Sep-20
West Virginia,6635,7065,380,Sep-20
Wisconsin,25970,17806,1448,Sep-20
Wyoming,2722,3247,186,Sep-20
Alabama,26449,16913,1943,Aug-20
Alaska,4088,4113,404,Aug-20
Arizona,25375,12472,2233,Aug-20
Arkansas,9821,7421,619,Aug-20
California,65196,38505,8409,Aug-20
Colorado,25765,16476,1948,Aug-20
Connecticut,5952,2014,1616,Aug-20
Delaware,3402,1919,181,Aug-20
District of Columbia,550,5,0,Aug-20
Florida,85345,30914,6509,Aug-20
Georgia,26176,12198,1349,Aug-20
Guam,151,39,57,Aug-20
Hawaii,0,0,0,Aug-20
Idaho,7860,6811,620,Aug-20
Illinois,28864,13330,0,Aug-20
Indiana,28843,16235,2226,Aug-20
Iowa,242,3223,54,Aug-20
Kansas,8851,6423,781,Aug-20
Kentucky,18531,10985,842,Aug-20
Louisiana,16826,10171,1568,Aug-20
Maine,4734,4555,361,Aug-20
Mariana Islands,9,6,1,Aug-20
Maryland,8270,7807,248,Aug-20
Massachusetts,6756,3557,748,Aug-20
Michigan,35892,23104,2709,Aug-20
Minnesota,17297,15193,1311,Aug-20
Mississippi,15129,10518,928,Aug-20
Missouri,26351,17461,2343,Aug-20
Montana,5066,5441,340,Aug-20
Nebraska,140,2280,32,Aug-20
Nevada,9541,3884,575,Aug-20
New Hampshire,6952,4034,213,Aug-20
New Jersey,10002,6258,518,Aug-20
New Mexico,8580,5360,780,Aug-20
New York,10163,22460,3426,Aug-20
North Carolina,2534,18885,1603,Aug-20
North Dakota,2503,3428,164,Aug-20
Ohio,37224,19937,2099,Aug-20
Oklahoma,15728,10666,1672,Aug-20
Oregon,21080,12694,0,Aug-20
Pennsylvania,69325,24361,37,Aug-20
Puerto Rico,2441,250,73,Aug-20
Rhode Island,1842,1081,125,Aug-20
South Carolina,17111,9137,1043,Aug-20
South Dakota,3700,4105,235,Aug-20
Tennessee,35007,21069,1837,Aug-20
Texas,77807,43770,5975,Aug-20
Utah,6483,5303,581,Aug-20
Vermont,2128,1898,183,Aug-20
Virgin Islands,22,2,1,Aug-20
Virginia,36314,20016,4525,Aug-20
Washington,28536,14497,4259,Aug-20
West Virginia,7487,6958,455,Aug-20
Wisconsin,28102,15908,1485,Aug-20
Wyoming,3080,3188,220,Aug-20
Alabama,34909,17250,2498,Jul-20
Alaska,4949,3779,435,Jul-20
Arizona,31040,12361,2411,Jul-20
Arkansas,12391,7322,738,Jul-20
California,67672,38618,7530,Jul-20
Colorado,29171,15184,2077,Jul-20
Connecticut,6815,2062,1791,Jul-20
Delaware,4034,1840,249,Jul-20
District of Columbia,296,11,0,Jul-20
Florida,106745,33102,7751,Jul-20
Georgia,38413,13344,1700,Jul-20
Guam,227,85,54,Jul-20
Hawaii,0,0,0,Jul-20
Idaho,8813,6337,752,Jul-20
Illinois,31853,12250,0,Jul-20
Indiana,32970,15066,2395,Jul-20
Iowa,248,2685,45,Jul-20
Kansas,10300,6071,833,Jul-20
Kentucky,20962,10578,947,Jul-20
Louisiana,24074,11374,1980,Jul-20
Maine,5163,4049,398,Jul-20
Mariana Islands,13,6,1,Jul-20
Maryland,7905,8023,347,Jul-20
Massachusetts,6238,3114,730,Jul-20
Michigan,44270,21710,2909,Jul-20
Minnesota,17856,11371,1397,Jul-20
Mississippi,19196,8971,1119,Jul-20
Missouri,31991,17146,2753,Jul-20
Montana,5472,4926,339,Jul-20
Nebraska,135,1929,34,Jul-20
Nevada,11920,3949,658,Jul-20
New Hampshire,7918,3788,213,Jul-20
New Jersey,7656,6172,448,Jul-20
New Mexico,10102,5084,768,Jul-20
New York,11400,23105,4019,Jul-20
North Carolina,2865,20322,1965,Jul-20
North Dakota,2702,2942,170,Jul-20
Ohio,43645,18865,2325,Jul-20
Oklahoma,19294,10955,2027,Jul-20
Oregon,22479,11897,0,Jul-20
Pennsylvania,77854,22276,68,Jul-20
Puerto Rico,2283,256,107,Jul-20
Rhode Island,2079,1142,139,Jul-20
South Carolina,23255,8726,1231,Jul-20
South Dakota,3609,3222,254,Jul-20
Tennessee,42011,20831,2075,Jul-20
Texas,96689,41060,6431,Jul-20
Utah,8314,5447,744,Jul-20
Vermont,2373,1739,199,Jul-20
Virgin Islands,48,4,0,Jul-20
Virginia,44801,19538,5588,Jul-20
Washington,33892,14006,4980,Jul-20
West Virginia,9331,6358,479,Jul-20
Wisconsin,26890,12518,1273,Jul-20
Wyoming,3237,2950,207,Jul-20
Alabama,47159,20120,2604,Jun-20
Alaska,4785,3091,451,Jun-20
Arizona,43291,14267,2769,Jun-20
Arkansas,15520,7820,785,Jun-20
California,76210,40933,8487,Jun-20
Colorado,35381,16998,2250,Jun-20
Connecticut,6943,2196,2178,Jun-20
Delaware,5303,2116,204,Jun-20
District of Columbia,217,0,0,Jun-20
Florida,133285,39111,7341,Jun-20
Georgia,46989,14779,1663,Jun-20
Guam,243,100,36,Jun-20
Hawaii,0,0,0,Jun-20
Idaho,10802,7430,801,Jun-20
Illinois,49101,14913,0,Jun-20
Indiana,40492,16560,2561,Jun-20
Iowa,319,4009,80,Jun-20
Kansas,12829,6276,853,Jun-20
Kentucky,27051,11707,993,Jun-20
Louisiana,28289,11116,1774,Jun-20
Maine,6583,4059,468,Jun-20
Mariana Islands,10,6,0,Jun-20
Maryland,8818,9524,464,Jun-20
Massachusetts,7923,3881,921,Jun-20
Michigan,51216,23784,3149,Jun-20
Minnesota,17758,12316,1435,Jun-20
Mississippi,23505,9291,886,Jun-20
Missouri,38153,17472,2786,Jun-20
Montana,6573,5803,389,Jun-20
Nebraska,179,2474,34,Jun-20
Nevada,14420,4220,656,Jun-20
New Hampshire,9911,4211,198,Jun-20
New Jersey,6921,6077,457,Jun-20
New Mexico,11828,5984,880,Jun-20
New York,11585,31003,4735,Jun-20
North Carolina,3380,25843,2162,Jun-20
North Dakota,3426,3373,201,Jun-20
Ohio,54811,21686,2452,Jun-20
Oklahoma,24400,11222,1987,Jun-20
Oregon,27187,13974,0,Jun-20
Pennsylvania,90652,24029,66,Jun-20
Puerto Rico,2838,302,153,Jun-20
Rhode Island,2453,1702,177,Jun-20
South Carolina,30837,9991,1338,Jun-20
South Dakota,4487,3492,276,Jun-20
Tennessee,50593,21516,2293,Jun-20
Texas,121926,45845,6857,Jun-20
Utah,10796,6292,761,Jun-20
Vermont,2702,1872,201,Jun-20
Virgin Islands,29,3,0,Jun-20
Virginia,55177,21748,6338,Jun-20
Washington,35924,15646,7431,Jun-20
West Virginia,11554,7043,528,Jun-20
Wisconsin,35081,13619,1560,Jun-20
Wyoming,3966,2946,238,Jun-20
Alabama,32394,13899,1468,May-20
Alaska,4469,3196,429,May-20
Arizona,28089,11334,2053,May-20
Arkansas,11572,7005,528,May-20
California,50811,28550,6499,May-20
Colorado,27297,15043,1998,May-20
Connecticut,4654,1673,1714,May-20
Delaware,2899,1238,165,May-20
District of Columbia,109,1,0,May-20
Florida,73691,22529,5156,May-20
Georgia,34434,11489,1139,May-20
Guam,207,88,30,May-20
Hawaii,0,0,0,May-20
Idaho,8228,6848,635,May-20
Illinois,26854,9959,0,May-20
Indiana,30133,14420,2221,May-20
Iowa,287,2825,77,May-20
Kansas,10020,5595,869,May-20
Kentucky,20881,11275,823,May-20
Louisiana,20064,8025,1174,May-20
Maine,5374,3724,515,May-20
Mariana Islands,8,4,1,May-20
Maryland,5975,6775,207,May-20
Massachusetts,5743,2665,889,May-20
Michigan,39342,20339,2949,May-20
Minnesota,13770,11706,1152,May-20
Mississippi,18313,7363,555,May-20
Missouri,31302,16484,2308,May-20
Montana,5835,5797,362,May-20
Nebraska,120,2026,23,May-20
Nevada,10720,3997,710,May-20
New Hampshire,7797,3760,211,May-20
New Jersey,5316,3859,414,May-20
New Mexico,9638,4888,749,May-20
New York,5312,14212,2581,May-20
North Carolina,2365,18508,1631,May-20
North Dakota,2734,2740,183,May-20
Ohio,37486,17996,2268,May-20
Oklahoma,18787,9863,1571,May-20
Oregon,22539,13415,0,May-20
Pennsylvania,56455,16255,85,May-20
Puerto Rico,1252,135,55,May-20
Rhode Island,1571,926,101,May-20
South Carolina,22675,7524,1154,May-20
South Dakota,3342,3037,199,May-20
Tennessee,38522,17799,1869,May-20
Texas,83977,36456,5393,May-20
Utah,7550,5265,559,May-20
Vermont,2660,1948,194,May-20
Virgin Islands,9,0,0,May-20
Virginia,36930,16775,4568,May-20
Washington,26162,12578,4963,May-20
West Virginia,10193,7152,532,May-20
Wisconsin,25506,11577,1226,May-20
Wyoming,2902,2591,255,May-20
Alabama,28951,12512,1455,Apr-20
Alaska,3942,3275,510,Apr-20
Arizona,33391,13143,2369,Apr-20
Arkansas,13814,8463,612,Apr-20
California,59219,31759,6330,Apr-20
Colorado,29865,16199,2133,Apr-20
Connecticut,4921,1802,2294,Apr-20
Delaware,3572,1308,185,Apr-20
District of Columbia,100,1,0,Apr-20
Florida,84431,26731,4897,Apr-20
Georgia,33720,11724,1162,Apr-20
Guam,132,59,23,Apr-20
Hawaii,0,0,0,Apr-20
Idaho,9248,7050,696,Apr-20
Illinois,30500,11184,0,Apr-20
Indiana,29904,14843,2332,Apr-20
Iowa,296,3284,79,Apr-20
Kansas,10417,5632,863,Apr-20
Kentucky,20712,12196,820,Apr-20
Louisiana,18563,7462,1117,Apr-20
Maine,6054,3835,594,Apr-20
Mariana Islands,7,1,1,Apr-20
Maryland,5717,8524,101,Apr-20
Massachusetts,1407,674,710,Apr-20
Michigan,23375,13600,2507,Apr-20
Minnesota,13792,10295,1371,Apr-20
Mississippi,17677,7256,586,Apr-20
Missouri,32009,17962,2470,Apr-20
Montana,6010,5399,454,Apr-20
Nebraska,146,2177,47,Apr-20
Nevada,12225,3870,619,Apr-20
New Hampshire,8801,4512,259,Apr-20
New Jersey,4388,4266,311,Apr-20
New Mexico,7439,3798,648,Apr-20
New York,2853,16007,2918,Apr-20
North Carolina,2199,20928,1705,Apr-20
North Dakota,3041,2898,204,Apr-20
Ohio,37486,18560,2295,Apr-20
Oklahoma,21398,11308,1617,Apr-20
Oregon,25187,13572,0,Apr-20
Pennsylvania,54041,14778,40,Apr-20
Puerto Rico,76,10,7,Apr-20
Rhode Island,1841,1247,126,Apr-20
South Carolina,21071,7502,866,Apr-20
South Dakota,4171,3177,282,Apr-20
Tennessee,38309,19001,1974,Apr-20
Texas,93980,40921,5668,Apr-20
Utah,9834,6501,676,Apr-20
Vermont,3081,2142,223,Apr-20
Virgin Islands,2,0,0,Apr-20
Virginia,40444,19116,4949,Apr-20
Washington,29785,12837,4428,Apr-20
West Virginia,10120,7913,480,Apr-20
Wisconsin,27220,11806,1406,Apr-20
Wyoming,3988,3102,327,Apr-20
Alabama,34897,17850,1583,Mar-20
Alaska,4657,3819,487,Mar-20
Arizona,46377,19346,2433,Mar-20
Arkansas,15304,8968,600,Mar-20
California,81543,48616,5041,Mar-20
Colorado,43322,22756,2086,Mar-20
Connecticut,9196,3290,5421,Mar-20
Delaware,4936,2323,190,Mar-20
District of Columbia,148,5,0,Mar-20
Florida,117900,38365,5017,Mar-20
Georgia,44107,16807,1245,Mar-20
Guam,170,80,11,Mar-20
Hawaii,0,0,0,Mar-20
Idaho,11611,8193,716,Mar-20
Illinois,44112,17127,0,Mar-20
Indiana,45695,22724,2613,Mar-20
Iowa,378,5778,91,Mar-20
Kansas,16715,8964,889,Mar-20
Kentucky,28268,15315,937,Mar-20
Louisiana,25038,10278,1258,Mar-20
Maine,7794,5310,510,Mar-20
Mariana Islands,4,1,0,Mar-20
Maryland,6534,16181,335,Mar-20
Massachusetts,9765,5100,759,Mar-20
Michigan,50368,28985,2724,Mar-20
Minnesota,18708,17222,1562,Mar-20
Mississippi,18567,8714,592,Mar-20
Missouri,41905,22607,2610,Mar-20
Montana,6755,5895,500,Mar-20
Nebraska,217,3623,45,Mar-20
Nevada,13530,4712,483,Mar-20
New Hampshire,14278,6190,348,Mar-20
New Jersey,4531,6000,286,Mar-20
New Mexico,13558,7181,804,Mar-20
New York,9257,39906,4288,Mar-20
North Carolina,2488,31949,2016,Mar-20
North Dakota,4122,3717,246,Mar-20
Ohio,63707,28817,2793,Mar-20
Oklahoma,25804,13873,1725,Mar-20
Oregon,33659,18838,0,Mar-20
Pennsylvania,81319,22031,30,Mar-20
Puerto Rico,660,104,34,Mar-20
Rhode Island,2533,2303,178,Mar-20
South Carolina,25288,10790,1017,Mar-20
South Dakota,5536,4230,337,Mar-20
Tennessee,49546,25157,2954,Mar-20
Texas,147714,61827,5897,Mar-20
Utah,13908,8665,628,Mar-20
Vermont,3853,2636,238,Mar-20
Virgin Islands,21,2,0,Mar-20
Virginia,51801,24208,6848,Mar-20
Washington,32624,20165,5234,Mar-20
West Virginia,11570,8599,564,Mar-20
Wisconsin,42224,18582,1627,Mar-20
Wyoming,4155,3349,299,Mar-20
Alabama,24590,12531,1225,Feb-20
Alaska,2560,1839,311,Feb-20
Arizona,16839,8006,1424,Feb-20
Arkansas,8112,5453,363,Feb-20
California,35570,22645,4221,Feb-20
Colorado,19931,11285,1505,Feb-20
Connecticut,5341,1961,3468,Feb-20
Delaware,2103,1386,130,Feb-20
District of Columbia,97,4,0,Feb-20
Florida,59653,20306,3748,Feb-20
Georgia,19173,8207,752,Feb-20
Guam,161,67,10,Feb-20
Hawaii,0,0,0,Feb-20
Idaho,5286,4371,420,Feb-20
Illinois,22743,9761,0,Feb-20
Indiana,25949,12739,1974,Feb-20
Iowa,220,2419,48,Feb-20
Kansas,7905,5610,653,Feb-20
Kentucky,15294,8763,668,Feb-20
Louisiana,12303,6564,734,Feb-20
Maine,3920,2871,339,Feb-20
Mariana Islands,12,3,0,Feb-20
Maryland,4472,5622,140,Feb-20
Massachusetts,5745,2711,538,Feb-20
Michigan,14668,9092,901,Feb-20
Minnesota,11142,9395,990,Feb-20
Mississippi,11638,6114,407,Feb-20
Missouri,23420,14384,1965,Feb-20
Montana,3343,3196,293,Feb-20
Nebraska,177,1764,36,Feb-20
Nevada,6215,2706,376,Feb-20
New Hampshire,6031,2740,241,Feb-20
New Jersey,4603,3580,224,Feb-20
New Mexico,7615,4152,633,Feb-20
New York,9861,13360,2002,Feb-20
North Carolina,1984,13177,1191,Feb-20
North Dakota,2122,2471,166,Feb-20
Ohio,29360,14843,2448,Feb-20
Oklahoma,16480,8203,1300,Feb-20
Oregon,16784,10360,0,Feb-20
Pennsylvania,53384,15473,53,Feb-20
Puerto Rico,1540,126,45,Feb-20
Rhode Island,1307,723,108,Feb-20
South Carolina,14700,6120,865,Feb-20
South Dakota,3359,3195,246,Feb-20
Tennessee,32364,15464,1688,Feb-20
Texas,60512,29259,3956,Feb-20
Utah,4153,3460,378,Feb-20
Vermont,1870,1514,157,Feb-20
Virgin Islands,33,2,0,Feb-20
Virginia,36608,20509,8746,Feb-20
Washington,18044,9505,4021,Feb-20
West Virginia,8200,6163,462,Feb-20
Wisconsin,17509,11891,1148,Feb-20
Wyoming,2322,1975,170,Feb-20
Alabama,22478,12598,1313,Jan-20
Alaska,2151,1529,312,Jan-20
Arizona,15126,7087,1475,Jan-20
Arkansas,6621,5524,435,Jan-20
California,34884,22057,4131,Jan-20
Colorado,19614,11451,1757,Jan-20
Connecticut,5820,2187,694,Jan-20
Delaware,2096,1524,143,Jan-20
District of Columbia,124,4,0,Jan-20
Florida,54985,19973,3957,Jan-20
Georgia,14422,7886,797,Jan-20
Guam,155,56,10,Jan-20
Hawaii,0,0,0,Jan-20
Idaho,4359,3607,496,Jan-20
Illinois,22567,9588,0,Jan-20
Indiana,22340,12461,2166,Jan-20
Iowa,198,2030,50,Jan-20
Kansas,6624,5196,702,Jan-20
Kentucky,12022,7558,704,Jan-20
Louisiana,10706,7687,798,Jan-20
Maine,3534,2661,351,Jan-20
Mariana Islands,18,6,1,Jan-20
Maryland,4283,5213,118,Jan-20
Massachusetts,5182,2833,628,Jan-20
Michigan,11806,8250,941,Jan-20
Minnesota,9445,7565,974,Jan-20
Mississippi,8790,5922,445,Jan-20
Missouri,20436,13149,2065,Jan-20
Montana,2884,3010,271,Jan-20
Nebraska,110,1923,35,Jan-20
Nevada,5250,2413,356,Jan-20
New Hampshire,5771,2913,341,Jan-20
New Jersey,4349,3639,205,Jan-20
New Mexico,6783,3648,573,Jan-20
New York,10227,12610,2058,Jan-20
North Carolina,1836,12908,1316,Jan-20
North Dakota,1771,2258,158,Jan-20
Ohio,24218,13069,2066,Jan-20
Oklahoma,14939,8277,1346,Jan-20
Oregon,15332,9167,0,Jan-20
Pennsylvania,46160,13636,70,Jan-20
Puerto Rico,1559,139,75,Jan-20
Rhode Island,1279,844,118,Jan-20
South Carolina,11488,5795,969,Jan-20
South Dakota,2782,2897,214,Jan-20
Tennessee,28938,14788,1507,Jan-20
Texas,53796,29103,4092,Jan-20
Utah,3552,2959,387,Jan-20
Vermont,1500,1278,159,Jan-20
Virgin Islands,33,3,0,Jan-20
Virginia,36391,21424,9713,Jan-20
Washington,18390,8842,3813,Jan-20
West Virginia,6543,5664,422,Jan-20
Wisconsin,14521,9835,1168,Jan-20
Wyoming,2135,1656,185,Jan-20
